order_id,payment_sequential,payment_type,payment_installments,payment_value
order_0000,1,credit_card,1,248.8341686409788
order_0001,1,credit_card,3,206.02344255616003
order_0002,1,boleto,2,385.90345798570127
order_0003,1,boleto,2,452.07948712699306
order_0004,1,boleto,3,390.55515030607864
order_0005,1,credit_card,3,199.40031595295562
order_0006,1,boleto,3,384.99897552689913
order_0007,1,credit_card,1,118.39108211332304
order_0008,1,credit_card,3,108.64309464108092
order_0009,1,credit_card,3,205.5321666662715
order_0010,1,boleto,1,413.4660660698257
order_0011,1,boleto,2,160.85671125903582
order_0012,1,credit_card,1,78.46403400440582
order_0013,1,credit_card,6,109.26929084285979
order_0014,1,boleto,1,436.4352358383111
order_0015,1,credit_card,2,335.2024781362794
order_0016,1,debit_card,1,163.94052351648952
order_0017,1,credit_card,3,299.88312139768163
order_0018,1,credit_card,1,287.41083009140766
order_0019,1,credit_card,1,344.94619029829755
order_0020,1,credit_card,1,154.93439948972735
order_0021,1,debit_card,6,438.98134423747894
order_0022,1,credit_card,1,189.21585293600577
order_0023,1,boleto,1,362.3592442893066
order_0024,1,credit_card,3,57.2560908674967
order_0025,1,credit_card,2,217.69570845236626
order_0026,1,credit_card,6,208.26941808146373
order_0027,1,credit_card,1,294.5679928623565
order_0028,1,debit_card,2,82.73131779973843
order_0029,1,credit_card,1,405.5591181767487
order_0030,1,credit_card,1,148.00136079540584
order_0031,1,credit_card,2,354.66701669690457
order_0032,1,credit_card,2,411.4454554598419
order_0033,1,credit_card,3,302.8446303086809
order_0034,1,boleto,1,383.39744302489345
order_0035,1,credit_card,1,347.8371404967525
order_0036,1,credit_card,1,209.98840871840343
order_0037,1,credit_card,6,413.9863425651044
order_0038,1,debit_card,1,182.6156164484876
order_0039,1,credit_card,1,307.0458129881827
order_0040,1,credit_card,1,385.42898261369277
order_0041,1,credit_card,2,220.53015941562842
order_0042,1,credit_card,1,186.24542342784127
order_0043,1,credit_card,6,256.70570457777023
order_0044,1,credit_card,1,418.08357245711915
order_0045,1,boleto,3,468.46479341554914
order_0046,1,credit_card,1,295.28753578695057
order_0047,1,boleto,2,347.6597923956433
order_0048,1,credit_card,6,456.4731300075114
order_0049,1,credit_card,1,94.34608313582407
order_0050,1,credit_card,6,154.43536003977425
order_0051,1,credit_card,1,369.0050028132121
order_0052,1,boleto,6,420.6850078605348
order_0053,1,credit_card,2,435.66306274876007
order_0054,1,credit_card,1,236.79822958471968
order_0055,1,credit_card,1,90.20295603134008
order_0056,1,debit_card,1,247.00166478482896
order_0057,1,credit_card,1,153.83056559317419
order_0058,1,debit_card,1,181.03840474848087
order_0059,1,credit_card,1,397.5204005768776
order_0060,1,credit_card,1,83.98718871164908
order_0061,1,credit_card,3,422.41154786631597
order_0062,1,credit_card,1,242.45108862087608
order_0063,1,credit_card,1,318.2287689952678
order_0064,1,credit_card,2,90.34350405605555
order_0065,1,debit_card,1,201.81158526077584
order_0066,1,boleto,1,90.36541355668061
order_0067,1,boleto,1,482.6946752964993
order_0068,1,credit_card,6,413.2677421968127
order_0069,1,credit_card,3,256.8347394604071
order_0070,1,credit_card,1,150.621146745652
order_0071,1,boleto,2,470.0547973624335
order_0072,1,debit_card,2,205.06846807713728
order_0073,1,credit_card,2,122.44299425931864
order_0074,1,credit_card,2,303.42397480427974
order_0075,1,credit_card,2,474.69835415516724
order_0076,1,credit_card,1,51.723630725145156
order_0077,1,credit_card,1,157.15617946429944
order_0078,1,credit_card,1,472.30143818468343
order_0079,1,boleto,3,126.98868508572292
order_0080,1,credit_card,2,100.95955323791894
order_0081,1,credit_card,3,306.584247109912
order_0082,1,debit_card,6,437.82972048267345
order_0083,1,credit_card,1,264.69941796226675
order_0084,1,credit_card,2,497.55391550803614
order_0085,1,credit_card,2,355.62726479209675
order_0086,1,credit_card,6,83.33370824470148
order_0087,1,credit_card,6,496.7744592568889
order_0088,1,boleto,2,233.55240655108568
order_0089,1,credit_card,1,179.33114023046713
order_0090,1,credit_card,3,301.04563261004853
order_0091,1,credit_card,1,186.93841631938895
order_0092,1,credit_card,3,88.90587820406854
order_0093,1,boleto,6,50.64275438562952
order_0094,1,boleto,1,252.31250881411805
order_0095,1,credit_card,2,426.5885400019665
order_0096,1,boleto,1,307.54183353353443
order_0097,1,credit_card,1,499.6432845245484
order_0098,1,debit_card,1,179.08099054124
order_0099,1,credit_card,3,176.2047791420249
order_0100,1,debit_card,6,121.8872571052749
order_0101,1,boleto,6,123.82861471940083
order_0102,1,credit_card,1,178.3339682045215
order_0103,1,credit_card,3,406.7780203730872
order_0104,1,debit_card,3,457.5905557864015
order_0105,1,boleto,1,488.7892263684566
order_0106,1,credit_card,1,154.53034434340367
order_0107,1,boleto,1,446.5838955263413
order_0108,1,credit_card,6,197.71479017480166
order_0109,1,credit_card,2,100.778245032598
order_0110,1,credit_card,3,441.5112164840745
order_0111,1,credit_card,1,336.24753558962834
order_0112,1,boleto,3,124.12890323647778
order_0113,1,credit_card,1,243.42406588085115
order_0114,1,boleto,1,179.26596269468044
order_0115,1,credit_card,2,381.55755591958865
order_0116,1,credit_card,1,254.03730378092064
order_0117,1,credit_card,3,495.1759752978732
order_0118,1,credit_card,1,74.63524201681781
order_0119,1,credit_card,2,209.756869761311
order_0120,1,credit_card,1,266.8550751994899
order_0121,1,credit_card,2,276.4100996367439
order_0122,1,credit_card,1,192.17112007353654
order_0123,1,credit_card,1,378.15811209390563
order_0124,1,credit_card,6,443.6361830700386
order_0125,1,boleto,1,472.42368589003837
order_0126,1,debit_card,3,412.2920195597868
order_0127,1,credit_card,6,432.76108878796975
order_0128,1,credit_card,1,297.745385278998
order_0129,1,credit_card,1,421.64970189206656
order_0130,1,debit_card,2,186.5767591165785
order_0131,1,credit_card,6,229.31544294914647
order_0132,1,credit_card,6,192.61085621834494
order_0133,1,credit_card,2,260.32430095156644
order_0134,1,credit_card,3,178.51082730738636
order_0135,1,credit_card,1,482.7251490145011
order_0136,1,boleto,6,190.78008260255066
order_0137,1,credit_card,6,94.12004214992292
order_0138,1,credit_card,1,287.067724722686
order_0139,1,credit_card,1,75.69458530032936
order_0140,1,credit_card,1,99.74442483886124
order_0141,1,debit_card,1,148.72522513831083
order_0142,1,credit_card,3,258.95761244696376
order_0143,1,boleto,1,244.96291953906254
order_0144,1,credit_card,1,409.86133790125604
order_0145,1,credit_card,1,382.763594247851
order_0146,1,debit_card,6,241.8432322958156
order_0147,1,credit_card,2,200.16689340903346
order_0148,1,boleto,1,192.41095282767435
order_0149,1,credit_card,1,398.29778928230405
order_0150,1,boleto,6,73.43258279957138
order_0151,1,credit_card,3,55.76974227977262
order_0152,1,credit_card,1,407.99497636699164
order_0153,1,boleto,1,264.7158691950722
order_0154,1,debit_card,1,108.89651234910919
order_0155,1,debit_card,1,156.00467056752558
order_0156,1,boleto,2,469.6267788938221
order_0157,1,boleto,6,436.7763390312041
order_0158,1,credit_card,1,369.40327260078766
order_0159,1,credit_card,3,267.001353651797
order_0160,1,credit_card,1,284.14563178612354
order_0161,1,credit_card,3,488.8600408777814
order_0162,1,credit_card,3,484.5966997479292
order_0163,1,credit_card,1,146.8710706036254
order_0164,1,credit_card,1,414.99705483739314
order_0165,1,credit_card,2,138.75919977515755
order_0166,1,credit_card,1,146.09186504777813
order_0167,1,credit_card,1,354.24186537405956
order_0168,1,credit_card,2,232.2504943643968
order_0169,1,boleto,6,469.1949831979341
order_0170,1,boleto,1,90.05438070320398
order_0171,1,credit_card,3,280.1865383642719
order_0172,1,credit_card,1,463.3346886994046
order_0173,1,credit_card,3,456.8511472157773
order_0174,1,credit_card,2,120.43814603708356
order_0175,1,credit_card,3,214.9869650434054
order_0176,1,credit_card,1,328.6046300210133
order_0177,1,credit_card,2,121.72769814713098
order_0178,1,credit_card,2,485.6099774205824
order_0179,1,debit_card,1,461.6371979274472
order_0180,1,debit_card,1,125.12758056551114
order_0181,1,credit_card,1,104.51995756744344
order_0182,1,credit_card,1,88.43381726371939
order_0183,1,credit_card,3,459.249648816484
order_0184,1,credit_card,1,137.13071440795736
order_0185,1,debit_card,1,237.32821784495962
order_0186,1,credit_card,3,251.98311454340134
order_0187,1,boleto,1,319.5549698961054
order_0188,1,credit_card,2,82.28090468634123
order_0189,1,debit_card,1,152.0413778302322
order_0190,1,credit_card,6,469.1706741135167
order_0191,1,boleto,3,458.7845482708563
order_0192,1,credit_card,3,401.5807913325615
order_0193,1,credit_card,1,58.730560528196946
order_0194,1,credit_card,3,197.15304582324595
order_0195,1,credit_card,1,332.5814309043085
order_0196,1,debit_card,1,173.83559529806405
order_0197,1,debit_card,1,459.3140127741998
order_0198,1,boleto,2,335.25025782459886
order_0199,1,credit_card,1,82.35802279240052
order_0200,1,boleto,2,459.0525149760664
order_0201,1,credit_card,1,480.99499617930013
order_0202,1,credit_card,1,84.97058827627647
order_0203,1,credit_card,3,289.5621056875917
order_0204,1,credit_card,1,186.5139269963767
order_0205,1,credit_card,3,226.77758441663107
order_0206,1,credit_card,1,130.84304807990384
order_0207,1,credit_card,3,310.13244590558566
order_0208,1,boleto,2,481.09070896200075
order_0209,1,credit_card,1,276.3826701222241
order_0210,1,credit_card,1,87.31156162751651
order_0211,1,credit_card,2,329.00060006483375
order_0212,1,credit_card,3,203.10034750306568
order_0213,1,credit_card,1,435.16633531608403
order_0214,1,credit_card,1,245.6051667424116
order_0215,1,credit_card,3,136.77782402401053
order_0216,1,credit_card,2,135.99753021101523
order_0217,1,credit_card,1,395.9438813245222
order_0218,1,boleto,1,169.51441923831197
order_0219,1,credit_card,1,395.2550273716503
order_0220,1,credit_card,2,142.64928984496973
order_0221,1,boleto,1,194.75886591558924
order_0222,1,credit_card,6,259.4691375978647
order_0223,1,credit_card,1,474.43813236205284
order_0224,1,boleto,1,469.2791411392211
order_0225,1,credit_card,2,143.0923439400295
order_0226,1,credit_card,6,211.19856855938275
order_0227,1,credit_card,3,117.22972480419755
order_0228,1,credit_card,1,279.4932856910737
order_0229,1,credit_card,3,257.26214781259995
order_0230,1,credit_card,2,455.3420731028296
order_0231,1,credit_card,1,468.5024200059827
order_0232,1,credit_card,1,222.60532595328144
order_0233,1,credit_card,1,271.28207435854523
order_0234,1,credit_card,1,453.3063121157599
order_0235,1,credit_card,6,413.01851348527765
order_0236,1,credit_card,1,51.645340105092174
order_0237,1,credit_card,6,194.0268038826121
order_0238,1,debit_card,2,239.79840887125664
order_0239,1,credit_card,2,153.37232765745426
order_0240,1,credit_card,2,139.80722715317245
order_0241,1,credit_card,1,67.00302796805585
order_0242,1,credit_card,1,339.51637628139224
order_0243,1,debit_card,1,168.12963071742456
order_0244,1,credit_card,2,73.5562302940909
order_0245,1,debit_card,1,153.94068973762865
order_0246,1,credit_card,3,410.86127877625694
order_0247,1,boleto,1,433.170131740946
order_0248,1,credit_card,1,267.3798103369862
order_0249,1,boleto,1,237.23180168390877
order_0250,1,credit_card,6,490.03416207580176
order_0251,1,credit_card,3,140.25409681463145
order_0252,1,credit_card,1,146.9116772845738
order_0253,1,credit_card,2,181.34022966637988
order_0254,1,debit_card,1,127.74079322648929
order_0255,1,credit_card,6,220.71451919188397
order_0256,1,credit_card,2,459.8754021453892
order_0257,1,boleto,1,326.9065282828584
order_0258,1,credit_card,2,235.37594687551865
order_0259,1,debit_card,1,470.48485755704667
order_0260,1,boleto,6,71.80890461412005
order_0261,1,credit_card,1,144.62428005583763
order_0262,1,boleto,2,304.6498722957915
order_0263,1,credit_card,1,326.9986804369306
order_0264,1,credit_card,3,67.80087795317591
order_0265,1,credit_card,3,231.36744105820947
order_0266,1,credit_card,2,342.1192841738927
order_0267,1,boleto,2,364.1317458815307
order_0268,1,debit_card,3,337.1629561323212
order_0269,1,credit_card,1,194.25345096241605
order_0270,1,credit_card,1,92.08405561905928
order_0271,1,debit_card,1,242.20060088870034
order_0272,1,credit_card,6,107.93949681562496
order_0273,1,credit_card,1,476.4306463343002
order_0274,1,credit_card,3,263.82688971018274
order_0275,1,debit_card,2,192.7666284605904
order_0276,1,credit_card,1,394.83683200350504
order_0277,1,boleto,1,274.07686666201874
order_0278,1,boleto,1,189.51531080560252
order_0279,1,credit_card,1,415.38548407586075
order_0280,1,credit_card,1,440.2184679505049
order_0281,1,boleto,1,352.85367482990466
order_0282,1,credit_card,3,71.13399008345029
order_0283,1,boleto,6,304.8452960749395
order_0284,1,debit_card,1,393.4827103987767
order_0285,1,credit_card,1,111.42635543761199
order_0286,1,boleto,1,152.9018381230715
order_0287,1,boleto,2,447.1227972806614
order_0288,1,boleto,3,59.054774833883314
order_0289,1,credit_card,1,388.7272120216892
order_0290,1,credit_card,1,263.1979816314903
order_0291,1,credit_card,3,251.04747147782308
order_0292,1,credit_card,2,53.19343962269923
order_0293,1,credit_card,1,418.72920393492177
order_0294,1,boleto,2,211.92120528645492
order_0295,1,credit_card,1,293.3445340852443
order_0296,1,credit_card,1,354.78530885104675
order_0297,1,credit_card,3,366.1833093970621
order_0298,1,boleto,3,480.1910264717325
order_0299,1,credit_card,1,289.1029789564741
order_0300,1,credit_card,6,229.8737979384924
order_0301,1,credit_card,1,479.16663192126856
order_0302,1,boleto,3,338.9496057614845
order_0303,1,credit_card,1,184.16766032445003
order_0304,1,credit_card,3,106.90891043160701
order_0305,1,debit_card,6,429.1495256593316
order_0306,1,boleto,1,212.9817212573682
order_0307,1,debit_card,6,347.211374613994
order_0308,1,credit_card,3,261.86738871465417
order_0309,1,credit_card,3,139.51840090776727
order_0310,1,boleto,1,320.7589738792093
order_0311,1,credit_card,3,77.30738102780704
order_0312,1,boleto,3,236.00410694203651
order_0313,1,credit_card,1,295.976722848652
order_0314,1,credit_card,6,246.22113835336057
order_0315,1,credit_card,1,386.9024788629459
order_0316,1,credit_card,1,422.5662295453906
order_0317,1,credit_card,2,397.05938331493013
order_0318,1,credit_card,2,67.46582651531095
order_0319,1,debit_card,2,137.35794670068748
order_0320,1,credit_card,1,291.47337916869844
order_0321,1,credit_card,6,470.66991819971054
order_0322,1,boleto,1,425.7305487734526
order_0323,1,credit_card,1,429.1405287583107
order_0324,1,credit_card,1,186.4436871918537
order_0325,1,boleto,2,243.25155368541616
order_0326,1,credit_card,6,261.8176762921718
order_0327,1,boleto,2,120.81721250745969
order_0328,1,boleto,3,63.98065861000534
order_0329,1,debit_card,1,476.1063047572326
order_0330,1,credit_card,2,158.320663548578
order_0331,1,credit_card,1,157.97700667563407
order_0332,1,credit_card,1,87.52057419594179
order_0333,1,credit_card,1,467.8284883747003
order_0334,1,boleto,2,310.8817017228974
order_0335,1,credit_card,2,350.16658570640925
order_0336,1,credit_card,3,460.2095992683736
order_0337,1,boleto,1,205.52907600535528
order_0338,1,credit_card,1,329.67829001213784
order_0339,1,credit_card,2,67.45975462799936
order_0340,1,credit_card,1,134.0476377040082
order_0341,1,boleto,3,424.0606122904741
order_0342,1,credit_card,2,395.0457603522511
order_0343,1,boleto,1,207.7892111557161
order_0344,1,credit_card,6,219.56478249839563
order_0345,1,boleto,2,290.09949509911075
order_0346,1,boleto,1,50.108452108310544
order_0347,1,credit_card,2,158.55995121711254
order_0348,1,credit_card,1,143.7043138736965
order_0349,1,credit_card,3,162.71732603739355
order_0350,1,boleto,3,412.6576291400486
order_0351,1,credit_card,6,175.85323544589943
order_0352,1,credit_card,2,136.18459492256667
order_0353,1,credit_card,1,276.9185573568642
order_0354,1,credit_card,3,439.5402663677294
order_0355,1,credit_card,1,158.60736672687494
order_0356,1,credit_card,2,85.34130925675942
order_0357,1,credit_card,2,210.38213113234912
order_0358,1,boleto,1,386.44332105424
order_0359,1,credit_card,1,297.81074511265757
order_0360,1,credit_card,3,417.55701630845635
order_0361,1,debit_card,3,481.8164664241553
order_0362,1,boleto,1,406.6981145382277
order_0363,1,debit_card,1,321.711385479689
order_0364,1,credit_card,1,272.0037146235712
order_0365,1,credit_card,3,68.03108885672
order_0366,1,credit_card,1,492.94489046631855
order_0367,1,boleto,3,222.56650515876913
order_0368,1,credit_card,1,118.50269626259006
order_0369,1,credit_card,2,350.01898492840553
order_0370,1,credit_card,1,177.9297300929567
order_0371,1,credit_card,3,313.60022191897144
order_0372,1,credit_card,1,314.04555853006605
order_0373,1,credit_card,2,250.57841940629112
order_0374,1,credit_card,1,426.2533769952692
order_0375,1,credit_card,3,169.23517769994936
order_0376,1,debit_card,3,251.88466622798038
order_0377,1,boleto,1,291.9614578659372
order_0378,1,debit_card,3,348.63112434528483
order_0379,1,boleto,2,402.78733272751526
order_0380,1,credit_card,1,227.66327729521524
order_0381,1,credit_card,1,340.7211248434682
order_0382,1,credit_card,1,117.77492888083361
order_0383,1,credit_card,3,469.69164524411536
order_0384,1,credit_card,3,222.3764628894516
order_0385,1,credit_card,1,378.2846398893973
order_0386,1,credit_card,2,59.153486846979945
order_0387,1,credit_card,3,142.33421430716317
order_0388,1,credit_card,6,269.1871449456101
order_0389,1,credit_card,2,445.21361047955594
order_0390,1,boleto,6,287.26481747780474
order_0391,1,credit_card,2,468.44171703224555
order_0392,1,credit_card,1,267.70860346225834
order_0393,1,credit_card,3,270.70209353117747
order_0394,1,credit_card,1,103.88605482523934
order_0395,1,credit_card,1,411.1953098684989
order_0396,1,credit_card,1,161.13443561017812
order_0397,1,credit_card,3,454.82562021754177
order_0398,1,credit_card,3,459.87089914867823
order_0399,1,debit_card,1,474.48955034336734
order_0400,1,debit_card,1,284.1037200963905
order_0401,1,credit_card,1,354.69220315263993
order_0402,1,credit_card,2,400.3321460277486
order_0403,1,boleto,1,108.95657839270952
order_0404,1,credit_card,3,320.43073774887375
order_0405,1,credit_card,1,65.43405558649025
order_0406,1,credit_card,1,273.90473752492665
order_0407,1,debit_card,1,119.67920672910233
order_0408,1,credit_card,1,132.31531668293812
order_0409,1,credit_card,6,214.27140501167068
order_0410,1,boleto,1,244.59672502242634
order_0411,1,credit_card,1,330.42759103948424
order_0412,1,credit_card,1,83.49278829733205
order_0413,1,debit_card,1,276.66129255685007
order_0414,1,credit_card,1,132.1813086138955
order_0415,1,credit_card,1,308.28882876428383
order_0416,1,credit_card,2,336.8320755175326
order_0417,1,credit_card,2,300.51916544878424
order_0418,1,credit_card,1,382.23297971523846
order_0419,1,credit_card,1,201.0241599084056
order_0420,1,credit_card,6,394.29796623490887
order_0421,1,boleto,1,244.74518676868715
order_0422,1,credit_card,1,267.8830242451686
order_0423,1,credit_card,1,341.6459572674821
order_0424,1,credit_card,1,58.26127279965078
order_0425,1,boleto,3,344.29739963911175
order_0426,1,credit_card,1,328.36331708245194
order_0427,1,credit_card,3,189.43120253897595
order_0428,1,credit_card,1,88.60742820477026
order_0429,1,credit_card,1,90.9209524608685
order_0430,1,credit_card,3,465.45068614335287
order_0431,1,boleto,1,360.1756945516267
order_0432,1,credit_card,2,107.19617619683318
order_0433,1,credit_card,1,210.52542618900785
order_0434,1,credit_card,3,316.6173472557184
order_0435,1,boleto,1,426.0072672907919
order_0436,1,credit_card,3,69.64741792085384
order_0437,1,credit_card,1,156.484909161504
order_0438,1,credit_card,3,450.387045632921
order_0439,1,credit_card,1,54.12449758271742
order_0440,1,credit_card,3,140.62959625724932
order_0441,1,credit_card,1,481.5608791878347
order_0442,1,credit_card,6,326.030830934977
order_0443,1,credit_card,1,167.7521149868779
order_0444,1,credit_card,1,80.14599247813142
order_0445,1,credit_card,1,62.68610320124997
order_0446,1,credit_card,1,160.13528583661727
order_0447,1,boleto,1,446.6686188150097
order_0448,1,debit_card,6,237.16114443387926
order_0449,1,debit_card,6,374.15001612469683
order_0450,1,boleto,1,463.228265920981
order_0451,1,credit_card,6,233.61820772126748
order_0452,1,boleto,2,136.07481696682868
order_0453,1,credit_card,1,282.7030688856138
order_0454,1,credit_card,3,458.6376591769345
order_0455,1,credit_card,2,411.9684863619653
order_0456,1,credit_card,6,79.62342951341921
order_0457,1,boleto,1,361.6577600349118
order_0458,1,credit_card,2,307.35388510652916
order_0459,1,credit_card,1,458.3584293558915
order_0460,1,debit_card,1,105.11663758263376
order_0461,1,credit_card,1,290.3162509420955
order_0462,1,credit_card,6,445.75821208035154
order_0463,1,debit_card,3,234.51070403378435
order_0464,1,credit_card,3,266.8977129797902
order_0465,1,credit_card,2,81.70730495013123
order_0466,1,credit_card,1,175.16463820200988
order_0467,1,credit_card,1,196.0279921260263
order_0468,1,boleto,1,475.3051019351991
order_0469,1,credit_card,1,177.20031224352158
order_0470,1,credit_card,3,257.39093087134336
order_0471,1,credit_card,2,352.08699060392587
order_0472,1,credit_card,1,122.98251758354482
order_0473,1,debit_card,1,268.8990742138435
order_0474,1,credit_card,1,382.34256776415845
order_0475,1,credit_card,1,440.0848458621797
order_0476,1,credit_card,6,331.816673598092
order_0477,1,credit_card,2,351.07408189262657
order_0478,1,debit_card,3,106.82756266305603
order_0479,1,credit_card,1,475.5994237608562
order_0480,1,credit_card,1,109.65833486801705
order_0481,1,credit_card,1,398.60282173180923
order_0482,1,boleto,3,169.16734480024348
order_0483,1,credit_card,3,470.11691466556323
order_0484,1,boleto,1,373.9817927162658
order_0485,1,credit_card,2,389.21617084026605
order_0486,1,boleto,1,148.5766278769475
order_0487,1,credit_card,2,249.36798948582236
order_0488,1,credit_card,6,328.0159375651789
order_0489,1,credit_card,2,396.4881281929704
order_0490,1,credit_card,2,96.7817191605753
order_0491,1,debit_card,1,483.0643924045378
order_0492,1,boleto,1,450.5993017495502
order_0493,1,credit_card,1,171.65686572301297
order_0494,1,credit_card,1,420.2421093645494
order_0495,1,credit_card,3,283.2457653679205
order_0496,1,boleto,3,257.8129167029084
order_0497,1,credit_card,1,191.49534761513243
order_0498,1,credit_card,3,311.4358639842166
order_0499,1,credit_card,1,378.450102966619
order_0500,1,credit_card,1,234.91980723324122
order_0501,1,credit_card,1,333.14863685373143
order_0502,1,credit_card,1,364.69081451988666
order_0503,1,credit_card,1,370.00481765687863
order_0504,1,debit_card,1,73.38474415903111
order_0505,1,credit_card,1,436.8865125582801
order_0506,1,credit_card,6,256.2139916442716
order_0507,1,credit_card,1,168.08723676329652
order_0508,1,boleto,1,158.79402836585672
order_0509,1,credit_card,1,267.3563507797777
order_0510,1,credit_card,2,449.07419276103167
order_0511,1,credit_card,1,220.25641175719113
order_0512,1,credit_card,3,387.3765860525945
order_0513,1,credit_card,2,93.56842894424838
order_0514,1,boleto,2,264.2255159679778
order_0515,1,boleto,2,496.258763176731
order_0516,1,credit_card,1,396.69701125655166
order_0517,1,credit_card,1,144.73781979827584
order_0518,1,debit_card,1,275.6486631640598
order_0519,1,credit_card,2,155.13114364185495
order_0520,1,boleto,1,234.30241726812918
order_0521,1,credit_card,1,401.03781068073414
order_0522,1,debit_card,6,397.05116688068165
order_0523,1,boleto,1,152.6451700560733
order_0524,1,debit_card,3,465.00049316968705
order_0525,1,credit_card,3,316.65568224417206
order_0526,1,credit_card,1,220.96593093290653
order_0527,1,debit_card,1,275.8710113513873
order_0528,1,credit_card,1,322.28206404698466
order_0529,1,credit_card,2,301.9507393306034
order_0530,1,boleto,2,268.8822659912802
order_0531,1,boleto,3,277.21976184023003
order_0532,1,debit_card,6,129.38535969254878
order_0533,1,credit_card,2,415.7298069371057
order_0534,1,boleto,1,293.7921439734569
order_0535,1,boleto,1,108.98593776711638
order_0536,1,credit_card,3,394.7706957122501
order_0537,1,credit_card,1,469.5997902698079
order_0538,1,credit_card,1,476.2881046566329
order_0539,1,credit_card,3,216.05797958502774
order_0540,1,debit_card,1,110.98259310233931
order_0541,1,credit_card,6,283.2798319848793
order_0542,1,boleto,2,100.67415320714932
order_0543,1,debit_card,1,470.29433833067776
order_0544,1,credit_card,6,132.6108323098157
order_0545,1,boleto,1,163.74463697802383
order_0546,1,credit_card,1,232.9864370982367
order_0547,1,boleto,1,222.4240108516066
order_0548,1,credit_card,1,407.59830157905003
order_0549,1,debit_card,1,255.34256924793306
order_0550,1,credit_card,1,126.8457170015016
order_0551,1,credit_card,1,170.24445296873336
order_0552,1,boleto,1,279.1010233343849
order_0553,1,credit_card,3,116.3542628417607
order_0554,1,credit_card,3,325.24505404070635
order_0555,1,credit_card,1,304.58628794801564
order_0556,1,boleto,1,371.61604237201595
order_0557,1,credit_card,1,471.96707692071544
order_0558,1,credit_card,1,460.51455249552004
order_0559,1,credit_card,3,475.7340281309741
order_0560,1,credit_card,3,160.12201866066542
order_0561,1,credit_card,1,109.20438798770958
order_0562,1,credit_card,1,186.02451522340183
order_0563,1,credit_card,1,452.7883277448416
order_0564,1,credit_card,2,487.4240635805697
order_0565,1,credit_card,1,436.69622798171423
order_0566,1,boleto,6,99.50797450739462
order_0567,1,credit_card,3,476.3425991269069
order_0568,1,credit_card,1,240.5111123078537
order_0569,1,credit_card,2,54.189630843059156
order_0570,1,credit_card,6,249.0771833366871
order_0571,1,boleto,2,70.73112635396042
order_0572,1,credit_card,1,294.7450645225029
order_0573,1,credit_card,1,202.3493123466731
order_0574,1,credit_card,3,263.04572011732193
order_0575,1,credit_card,2,325.9266623344027
order_0576,1,credit_card,2,440.96049311801914
order_0577,1,credit_card,3,347.85570941236784
order_0578,1,credit_card,3,245.32199081518132
order_0579,1,debit_card,6,418.7425341516643
order_0580,1,credit_card,1,457.5119619079095
order_0581,1,credit_card,2,103.89198489448876
order_0582,1,debit_card,3,289.36983989875614
order_0583,1,boleto,3,178.03038188409985
order_0584,1,credit_card,2,71.17753904462633
order_0585,1,boleto,1,350.8460128012934
order_0586,1,boleto,3,438.2468498566515
order_0587,1,credit_card,3,123.30619451482733
order_0588,1,credit_card,1,415.5861459307552
order_0589,1,credit_card,1,434.02808009162374
order_0590,1,debit_card,1,461.4531991999176
order_0591,1,credit_card,1,169.3782900887236
order_0592,1,credit_card,1,456.7788793354502
order_0593,1,boleto,1,194.29823963139452
order_0594,1,credit_card,2,298.55210605497626
order_0595,1,credit_card,2,72.72836187452697
order_0596,1,credit_card,2,69.74648976593463
order_0597,1,credit_card,3,374.1679457294913
order_0598,1,boleto,1,250.01599009000597
order_0599,1,credit_card,1,165.3315689161479
order_0600,1,boleto,3,135.6860732112096
order_0601,1,credit_card,1,351.4790708866481
order_0602,1,credit_card,6,50.180694811402944
order_0603,1,debit_card,3,412.65102613858437
order_0604,1,credit_card,2,85.66232275846797
order_0605,1,credit_card,6,136.17032670865376
order_0606,1,credit_card,1,223.80637788459032
order_0607,1,boleto,1,268.18643287224666
order_0608,1,credit_card,2,209.74780211627382
order_0609,1,credit_card,1,194.32047424293225
order_0610,1,credit_card,6,483.7622054329348
order_0611,1,credit_card,1,338.71085655952743
order_0612,1,boleto,2,60.5448299153247
order_0613,1,credit_card,2,243.57915879994093
order_0614,1,credit_card,2,443.7539148847866
order_0615,1,credit_card,1,185.65528388480058
order_0616,1,credit_card,1,92.55035514847471
order_0617,1,debit_card,3,391.273147215463
order_0618,1,credit_card,1,322.70622437123654
order_0619,1,debit_card,3,306.64062852192677
order_0620,1,credit_card,2,74.10945182333356
order_0621,1,credit_card,3,113.2245544079828
order_0622,1,boleto,3,330.1472282959012
order_0623,1,credit_card,1,143.5207286564761
order_0624,1,boleto,2,276.83153588679096
order_0625,1,debit_card,3,295.19675871322704
order_0626,1,credit_card,1,177.57823562192272
order_0627,1,credit_card,6,476.7913199936718
order_0628,1,boleto,1,429.1088480760088
order_0629,1,credit_card,1,375.06807843475934
order_0630,1,credit_card,1,85.09723988423409
order_0631,1,credit_card,6,97.75850868905874
order_0632,1,credit_card,1,271.7516056392301
order_0633,1,boleto,3,122.32100713594356
order_0634,1,credit_card,3,490.2194585882633
order_0635,1,credit_card,1,121.33410531233424
order_0636,1,credit_card,1,269.3605259587883
order_0637,1,credit_card,3,213.85447557867744
order_0638,1,credit_card,1,337.7238896543441
order_0639,1,boleto,3,108.06638400024121
order_0640,1,credit_card,1,243.6423926190759
order_0641,1,boleto,1,173.61726476321462
order_0642,1,boleto,3,449.48818610225965
order_0643,1,credit_card,1,68.26357046061278
order_0644,1,credit_card,1,461.1773723029067
order_0645,1,credit_card,1,424.8473623488502
order_0646,1,credit_card,1,183.90682239836696
order_0647,1,boleto,2,405.1807946046971
order_0648,1,boleto,3,64.0461021524364
order_0649,1,credit_card,1,485.08949763202713
order_0650,1,credit_card,2,286.96772416540523
order_0651,1,debit_card,2,186.47646172945036
order_0652,1,debit_card,1,213.1624456676047
order_0653,1,credit_card,1,79.88240905722381
order_0654,1,credit_card,6,495.20728131891764
order_0655,1,credit_card,3,67.6813753178116
order_0656,1,debit_card,2,344.70820541653654
order_0657,1,credit_card,2,249.23116746790623
order_0658,1,credit_card,1,477.0122981849218
order_0659,1,credit_card,2,160.69988313805783
order_0660,1,credit_card,2,289.4390707721051
order_0661,1,credit_card,2,267.06029386223884
order_0662,1,debit_card,1,366.2898998225456
order_0663,1,credit_card,1,80.60460437858923
order_0664,1,credit_card,1,137.2051085105097
order_0665,1,credit_card,6,146.55416904178242
order_0666,1,credit_card,1,382.16783967876034
order_0667,1,credit_card,1,135.11241334703303
order_0668,1,credit_card,1,308.0712937509395
order_0669,1,credit_card,1,146.85971922542916
order_0670,1,credit_card,3,437.7312275377903
order_0671,1,credit_card,2,473.9834545203373
order_0672,1,credit_card,2,283.3218387240082
order_0673,1,debit_card,1,208.53899789413023
order_0674,1,debit_card,3,155.32599875787463
order_0675,1,credit_card,1,72.4014506853697
order_0676,1,credit_card,1,170.82503428887293
order_0677,1,debit_card,1,344.40610097539303
order_0678,1,credit_card,1,290.1276190891449
order_0679,1,boleto,1,474.81857522641735
order_0680,1,debit_card,2,228.32476812126527
order_0681,1,credit_card,2,362.23850404777755
order_0682,1,credit_card,3,270.1952363638046
order_0683,1,debit_card,1,280.6592971658953
order_0684,1,credit_card,1,170.49844157185288
order_0685,1,credit_card,1,254.72784957889985
order_0686,1,credit_card,6,261.8532486557183
order_0687,1,credit_card,2,367.98913478702025
order_0688,1,credit_card,3,473.2879996337512
order_0689,1,boleto,1,198.19457486712693
order_0690,1,debit_card,2,68.9902108615843
order_0691,1,credit_card,1,273.33280647528784
order_0692,1,credit_card,2,295.00759946712583
order_0693,1,credit_card,6,125.79824800936186
order_0694,1,credit_card,6,392.20907282423
order_0695,1,credit_card,2,493.21809879867124
order_0696,1,debit_card,1,475.5986226538074
order_0697,1,boleto,6,138.69771747064348
order_0698,1,credit_card,2,443.9134579553423
order_0699,1,credit_card,1,367.02213638525814
order_0700,1,credit_card,1,254.2309537131102
order_0701,1,credit_card,1,293.27494744612807
order_0702,1,credit_card,1,432.32007874210615
order_0703,1,credit_card,1,266.0607228372679
order_0704,1,debit_card,2,217.94331609730708
order_0705,1,credit_card,1,271.9613718616936
order_0706,1,credit_card,1,310.6084118157721
order_0707,1,boleto,2,135.08494420025698
order_0708,1,credit_card,3,455.4084786201458
order_0709,1,credit_card,2,353.3841269733262
order_0710,1,credit_card,1,334.97101280187
order_0711,1,credit_card,6,94.77330178128716
order_0712,1,boleto,6,321.8782721776663
order_0713,1,credit_card,1,104.43229800732155
order_0714,1,boleto,1,85.41395383792957
order_0715,1,credit_card,3,287.289903039077
order_0716,1,credit_card,3,231.25349032092274
order_0717,1,boleto,6,314.96462157030044
order_0718,1,credit_card,3,90.14997562575736
order_0719,1,credit_card,2,243.9423782812663
order_0720,1,credit_card,2,128.6540217703211
order_0721,1,credit_card,1,494.19503866585245
order_0722,1,credit_card,1,302.5175955958285
order_0723,1,credit_card,1,359.3465874233903
order_0724,1,credit_card,2,196.43822630717352
order_0725,1,credit_card,2,92.63251165070487
order_0726,1,debit_card,3,489.14188825259146
order_0727,1,credit_card,1,178.81656592243243
order_0728,1,boleto,2,240.7136833281084
order_0729,1,credit_card,1,342.4387647661587
order_0730,1,credit_card,1,61.113783958750076
order_0731,1,boleto,3,414.6166087327791
order_0732,1,credit_card,2,291.4601855128791
order_0733,1,boleto,6,175.19773418096997
order_0734,1,credit_card,1,77.72359338161115
order_0735,1,credit_card,1,123.12428696349865
order_0736,1,credit_card,1,452.7652364840466
order_0737,1,credit_card,1,358.71090077115093
order_0738,1,boleto,3,162.45577473660043
order_0739,1,credit_card,2,79.52034422526329
order_0740,1,debit_card,3,360.77689057398635
order_0741,1,debit_card,1,307.5834766854943
order_0742,1,credit_card,3,232.03378600620576
order_0743,1,credit_card,1,213.62515213552874
order_0744,1,boleto,3,147.56642416809873
order_0745,1,debit_card,1,351.32506544188294
order_0746,1,credit_card,1,486.80061250724174
order_0747,1,credit_card,2,129.07186062657163
order_0748,1,credit_card,6,318.7024790069765
order_0749,1,credit_card,1,240.8832750856893
order_0750,1,credit_card,1,251.0099247850992
order_0751,1,boleto,3,164.36627605751647
order_0752,1,credit_card,1,421.3106940476386
order_0753,1,credit_card,1,268.36502186625853
order_0754,1,credit_card,1,294.5326334892188
order_0755,1,credit_card,1,187.1424107587966
order_0756,1,credit_card,6,131.8138095501274
order_0757,1,credit_card,3,88.65967469126922
order_0758,1,credit_card,2,371.35361341621217
order_0759,1,credit_card,6,138.305426759535
order_0760,1,credit_card,1,360.533909384959
order_0761,1,debit_card,1,225.66940072112925
order_0762,1,credit_card,1,237.09866044534317
order_0763,1,credit_card,1,261.1298732417473
order_0764,1,credit_card,1,215.46882865739443
order_0765,1,debit_card,6,95.27898975016554
order_0766,1,credit_card,3,189.3343145012806
order_0767,1,credit_card,1,348.6804623122723
order_0768,1,boleto,2,349.60298066099193
order_0769,1,credit_card,3,178.80093825799747
order_0770,1,credit_card,6,257.0461819509596
order_0771,1,credit_card,3,137.05125260537187
order_0772,1,credit_card,2,144.6674366884261
order_0773,1,credit_card,3,60.37118978297333
order_0774,1,boleto,2,453.53594745848505
order_0775,1,credit_card,2,144.8179992837078
order_0776,1,boleto,1,152.3902446214085
order_0777,1,credit_card,1,175.82064469030934
order_0778,1,boleto,2,107.33363226294304
order_0779,1,credit_card,1,337.66829743161327
order_0780,1,credit_card,1,83.81432892991396
order_0781,1,credit_card,3,110.39109184685762
order_0782,1,debit_card,1,340.14052696554177
order_0783,1,credit_card,2,202.84727921664924
order_0784,1,credit_card,2,368.5765220155351
order_0785,1,credit_card,6,300.8411351015639
order_0786,1,credit_card,1,165.2095278776809
order_0787,1,credit_card,1,342.8725777201976
order_0788,1,credit_card,2,102.3231561317963
order_0789,1,credit_card,3,291.3846723860137
order_0790,1,credit_card,6,246.71664727026558
order_0791,1,credit_card,1,170.54311226784836
order_0792,1,credit_card,1,321.80224898277504
order_0793,1,boleto,6,442.1001165531271
order_0794,1,credit_card,1,499.50711489338454
order_0795,1,credit_card,2,323.49324593454105
order_0796,1,credit_card,1,232.11764344812656
order_0797,1,debit_card,1,151.34319509729073
order_0798,1,debit_card,1,165.6932402278003
order_0799,1,boleto,1,265.7547401673945
order_0800,1,credit_card,2,215.27496557631915
order_0801,1,credit_card,6,461.2165351812249
order_0802,1,credit_card,1,215.7329604450693
order_0803,1,credit_card,3,218.05006601544596
order_0804,1,credit_card,1,222.59053059528964
order_0805,1,boleto,2,426.47909466544615
order_0806,1,boleto,1,342.85474438110583
order_0807,1,boleto,6,326.3759826435017
order_0808,1,credit_card,3,200.36436007273798
order_0809,1,credit_card,2,418.05687957459776
order_0810,1,credit_card,3,67.2637376100655
order_0811,1,credit_card,2,441.8587275521509
order_0812,1,boleto,6,280.73745490726833
order_0813,1,credit_card,3,229.21260568853577
order_0814,1,credit_card,6,273.72527632295856
order_0815,1,credit_card,2,350.336988740224
order_0816,1,credit_card,1,55.744441933053814
order_0817,1,boleto,2,442.19833540621147
order_0818,1,credit_card,1,251.03278639012677
order_0819,1,boleto,2,204.3349338650352
order_0820,1,credit_card,1,112.2105045353257
order_0821,1,credit_card,2,247.75941846129896
order_0822,1,boleto,1,273.3452470779705
order_0823,1,credit_card,1,231.641012522065
order_0824,1,debit_card,1,355.39704222210366
order_0825,1,credit_card,6,239.4034379416517
order_0826,1,credit_card,1,482.637910030958
order_0827,1,credit_card,1,319.67488302061633
order_0828,1,debit_card,3,413.365071043359
order_0829,1,credit_card,2,99.21015639926549
order_0830,1,boleto,1,228.78108182565757
order_0831,1,credit_card,1,201.5814656512187
order_0832,1,credit_card,1,306.2670746614663
order_0833,1,credit_card,6,437.5010840276415
order_0834,1,credit_card,1,85.252197992903
order_0835,1,credit_card,1,82.65865912011986
order_0836,1,boleto,1,432.6429686709195
order_0837,1,credit_card,1,145.78253871726082
order_0838,1,credit_card,3,350.9389645024162
order_0839,1,credit_card,1,294.2951595623623
order_0840,1,credit_card,1,424.80211769925324
order_0841,1,credit_card,1,106.29000942638159
order_0842,1,credit_card,1,108.40233457517508
order_0843,1,credit_card,1,300.5682621252384
order_0844,1,credit_card,3,475.8703940112669
order_0845,1,credit_card,3,236.74899126683943
order_0846,1,credit_card,6,197.12394511461272
order_0847,1,credit_card,3,323.01019543904863
order_0848,1,credit_card,2,468.701870245264
order_0849,1,credit_card,1,426.61752478008066
order_0850,1,debit_card,3,497.96762482994893
order_0851,1,boleto,3,60.15586244106969
order_0852,1,boleto,3,100.78616512074301
order_0853,1,credit_card,2,324.2604935149799
order_0854,1,boleto,1,419.2593977002324
order_0855,1,boleto,3,178.35995403804495
order_0856,1,boleto,3,157.64498961539846
order_0857,1,credit_card,6,404.1391097215404
order_0858,1,credit_card,1,75.37183423395422
order_0859,1,boleto,1,216.22219141216328
order_0860,1,credit_card,1,277.61415016654837
order_0861,1,credit_card,3,302.1569034576455
order_0862,1,credit_card,1,377.8768205567496
order_0863,1,credit_card,1,209.6805755437962
order_0864,1,credit_card,6,325.7079551035732
order_0865,1,credit_card,1,313.41894025593035
order_0866,1,credit_card,3,296.4272452941862
order_0867,1,credit_card,1,338.21748191399547
order_0868,1,credit_card,3,166.75212698063433
order_0869,1,credit_card,2,88.09193911308304
order_0870,1,credit_card,6,103.67225241788455
order_0871,1,credit_card,6,151.06207219425548
order_0872,1,boleto,1,275.08907098525333
order_0873,1,credit_card,1,428.19923774570907
order_0874,1,credit_card,1,365.58200393977285
order_0875,1,credit_card,2,405.0682718909212
order_0876,1,boleto,3,207.93903076674113
order_0877,1,credit_card,1,232.0941837418476
order_0878,1,credit_card,2,227.15684869577578
order_0879,1,credit_card,1,136.34293298202567
order_0880,1,credit_card,3,77.54749616460741
order_0881,1,boleto,6,315.91224177225206
order_0882,1,boleto,1,495.14750753926376
order_0883,1,credit_card,1,125.07336722761828
order_0884,1,credit_card,1,71.00816895467318
order_0885,1,credit_card,2,400.7892568207698
order_0886,1,credit_card,2,163.66370300812588
order_0887,1,credit_card,1,423.3397124088178
order_0888,1,credit_card,1,366.77150016553196
order_0889,1,credit_card,1,475.5530916728621
order_0890,1,credit_card,2,234.0172560905024
order_0891,1,debit_card,2,347.8864277527854
order_0892,1,credit_card,1,259.18465136597183
order_0893,1,boleto,3,333.7649137888446
order_0894,1,boleto,3,252.3195077034818
order_0895,1,credit_card,1,134.88451089083367
order_0896,1,boleto,1,278.5538372015214
order_0897,1,credit_card,3,287.86289064684905
order_0898,1,credit_card,6,414.7717317170725
order_0899,1,credit_card,1,380.98431760711156
order_0900,1,debit_card,1,348.70623077364985
order_0901,1,credit_card,1,101.02419299865764
order_0902,1,credit_card,2,374.27733079867176
order_0903,1,debit_card,1,275.13732035953166
order_0904,1,credit_card,1,452.34479124777164
order_0905,1,credit_card,2,463.94192035874426
order_0906,1,boleto,2,74.82046577080345
order_0907,1,boleto,1,419.2887021595154
order_0908,1,debit_card,1,66.96382569020177
order_0909,1,debit_card,2,215.22633156276018
order_0910,1,credit_card,1,294.0349890294856
order_0911,1,boleto,1,116.64535938220735
order_0912,1,credit_card,3,385.84121565608456
order_0913,1,credit_card,1,53.759616877462356
order_0914,1,credit_card,3,125.86957179531657
order_0915,1,credit_card,6,311.35857343406406
order_0916,1,debit_card,1,371.47440291678157
order_0917,1,debit_card,1,462.48939621226225
order_0918,1,credit_card,2,367.47349337058074
order_0919,1,credit_card,3,352.3006716146897
order_0920,1,credit_card,6,227.45351585779895
order_0921,1,boleto,3,50.577991487060636
order_0922,1,boleto,1,104.07166643102988
order_0923,1,credit_card,2,290.5495451402176
order_0924,1,credit_card,1,353.80844862998885
order_0925,1,credit_card,1,237.8517277534081
order_0926,1,credit_card,1,378.8055551877756
order_0927,1,debit_card,1,284.8380328994805
order_0928,1,credit_card,3,83.3792880174405
order_0929,1,credit_card,1,136.40731293557695
order_0930,1,credit_card,1,427.99920045977433
order_0931,1,credit_card,1,376.21073598099775
order_0932,1,debit_card,3,452.64289415562274
order_0933,1,credit_card,3,102.90076210442146
order_0934,1,credit_card,1,495.60014057678325
order_0935,1,credit_card,1,144.23302127747013
order_0936,1,credit_card,1,55.300944328988905
order_0937,1,credit_card,6,498.8403225740994
order_0938,1,boleto,2,176.4832484503009
order_0939,1,credit_card,2,350.60875363065196
order_0940,1,credit_card,2,129.50704137933735
order_0941,1,credit_card,1,311.10283948961376
order_0942,1,credit_card,3,456.81574390455165
order_0943,1,credit_card,2,194.08152534279736
order_0944,1,credit_card,1,351.6142892199616
order_0945,1,boleto,1,134.55661495928743
order_0946,1,boleto,2,331.15792942342637
order_0947,1,credit_card,6,201.40265831787957
order_0948,1,credit_card,1,145.04371636457824
order_0949,1,credit_card,3,190.93192281663582
order_0950,1,credit_card,3,130.4784808285097
order_0951,1,boleto,1,455.86224852704726
order_0952,1,credit_card,1,228.73409884270797
order_0953,1,credit_card,1,160.3756872384653
order_0954,1,boleto,3,251.7835284571698
order_0955,1,boleto,1,194.241275062923
order_0956,1,credit_card,1,384.98866421599666
order_0957,1,credit_card,2,487.04896034847246
order_0958,1,credit_card,3,247.11514551394106
order_0959,1,credit_card,1,437.46502998750816
order_0960,1,debit_card,1,304.6383831018288
order_0961,1,boleto,1,120.75604929240507
order_0962,1,boleto,2,360.7802339366037
order_0963,1,credit_card,3,281.04552370661906
order_0964,1,boleto,1,342.7729354634466
order_0965,1,credit_card,3,450.35933565724923
order_0966,1,credit_card,2,248.19555679522074
order_0967,1,credit_card,2,455.52993044781005
order_0968,1,credit_card,2,387.8010564267447
order_0969,1,boleto,1,269.87221664509315
order_0970,1,credit_card,1,321.4499610460837
order_0971,1,credit_card,2,196.51150963355514
order_0972,1,credit_card,2,492.6187848824484
order_0973,1,credit_card,2,350.3080233726782
order_0974,1,credit_card,1,69.73108362348346
order_0975,1,credit_card,6,196.97985758660394
order_0976,1,boleto,2,330.4914951915759
order_0977,1,credit_card,1,75.34997500965791
order_0978,1,credit_card,1,60.74788609361424
order_0979,1,credit_card,3,252.51090778751114
order_0980,1,boleto,3,199.71058086170152
order_0981,1,credit_card,1,247.23437361492466
order_0982,1,credit_card,3,168.21198944600232
order_0983,1,credit_card,1,124.12298612434141
order_0984,1,credit_card,1,360.114510641152
order_0985,1,credit_card,3,281.55700232051026
order_0986,1,boleto,3,140.06939506221508
order_0987,1,credit_card,2,193.81524181699925
order_0988,1,credit_card,3,316.3135584484967
order_0989,1,boleto,1,82.50320672261503
order_0990,1,credit_card,3,116.3538541697808
order_0991,1,credit_card,1,82.96052184832556
order_0992,1,credit_card,1,415.5427997213535
order_0993,1,credit_card,1,388.5841549454042
order_0994,1,credit_card,1,388.99081934566567
order_0995,1,credit_card,1,372.3464045642126
order_0996,1,boleto,1,351.22344065144114
order_0997,1,debit_card,1,264.6463619201787
order_0998,1,credit_card,1,339.02517357820176
order_0999,1,credit_card,2,67.26269965458859
