order_id,customer_id,order_status,order_purchase_timestamp,order_delivered_carrier_date,order_delivered_customer_date,freight_value
order_0000,customer_0258,delivered,2017-04-13,2017-04-15,2017-04-21,30.051025785029175
order_0001,customer_0160,delivered,2017-12-15,2017-12-16,2017-12-20,12.009720392919284
order_0002,customer_0177,delivered,2017-09-28,2017-09-29,2017-10-05,11.396462106248952
order_0003,customer_0009,delivered,2017-04-17,2017-04-18,2017-04-22,32.046398476654886
order_0004,customer_0260,processing,2017-03-13,2017-03-14,2017-03-21,27.52714452993378
order_0005,customer_0137,delivered,2017-07-08,2017-07-10,2017-07-14,43.567215799211944
order_0006,customer_0171,delivered,2017-01-21,2017-01-23,2017-01-25,16.427183388473807
order_0007,customer_0012,delivered,2017-04-13,2017-04-15,2017-04-21,10.998866484681983
order_0008,customer_0167,delivered,2017-05-02,2017-05-04,2017-05-05,27.961550717205036
order_0009,customer_0129,delivered,2017-08-03,2017-08-05,2017-08-10,19.4991422700903
order_0010,customer_0083,delivered,2017-11-27,2017-11-29,2017-12-03,11.984574933553498
order_0011,customer_0100,processing,2017-03-29,2017-03-31,2017-04-01,38.98393147390516
order_0012,customer_0272,delivered,2017-04-10,2017-04-12,2017-04-13,14.4637199982899
order_0013,customer_0264,delivered,2017-12-26,2017-12-28,2018-01-02,34.33278000031087
order_0014,customer_0037,delivered,2017-06-01,2017-06-03,2017-06-07,21.241990006675564
order_0015,customer_0093,delivered,2017-05-11,2017-05-13,2017-05-20,16.93984201420088
order_0016,customer_0094,delivered,2017-05-30,2017-06-01,2017-06-02,25.190060916772698
order_0017,customer_0068,delivered,2017-11-05,2017-11-07,2017-11-08,42.057831048918146
order_0018,customer_0235,delivered,2017-09-15,2017-09-17,2017-09-21,25.683743076182907
order_0019,customer_0136,delivered,2017-12-10,2017-12-12,2017-12-15,40.03078596844223
order_0020,customer_0075,delivered,2017-10-21,2017-10-23,2017-10-24,15.019451871966027
order_0021,customer_0034,delivered,2017-07-11,2017-07-12,2017-07-15,40.91085678660316
order_0022,customer_0000,delivered,2017-10-04,2017-10-06,2017-10-10,19.477332996265947
order_0023,customer_0295,delivered,2017-06-10,2017-06-11,2017-06-13,37.09572519555491
order_0024,customer_0059,delivered,2017-11-10,2017-11-12,2017-11-17,32.631262193639856
order_0025,customer_0266,delivered,2017-01-22,2017-01-24,2017-01-30,47.165788688467494
order_0026,customer_0228,delivered,2017-09-10,2017-09-11,2017-09-14,25.49290071901256
order_0027,customer_0269,delivered,2017-08-24,2017-08-26,2017-09-01,12.646607553377617
order_0028,customer_0285,delivered,2017-12-11,2017-12-12,2017-12-19,10.766219422050117
order_0029,customer_0290,delivered,2017-02-18,2017-02-19,2017-02-21,43.07434243891012
order_0030,customer_0212,delivered,2017-02-28,2017-03-01,2017-03-04,30.989425506457287
order_0031,customer_0164,delivered,2017-06-19,2017-06-21,2017-06-23,41.00976207339797
order_0032,customer_0004,delivered,2017-07-07,2017-07-09,2017-07-12,19.377024000460587
order_0033,customer_0077,delivered,2017-09-28,2017-09-30,2017-10-06,23.80334982052935
order_0034,customer_0061,delivered,2017-07-09,2017-07-10,2017-07-13,11.204154888452758
order_0035,customer_0131,delivered,2017-06-24,2017-06-25,2017-06-29,48.459692982964484
order_0036,customer_0088,processing,2017-02-20,2017-02-22,2017-02-26,36.71471626803253
order_0037,customer_0236,delivered,2017-12-30,2018-01-01,2018-01-04,47.32820351037225
order_0038,customer_0041,delivered,2017-02-24,2017-02-26,2017-03-03,20.619856297162894
order_0039,customer_0088,delivered,2017-09-01,2017-09-03,2017-09-10,34.458544449026434
order_0040,customer_0295,delivered,2017-11-16,2017-11-18,2017-11-19,37.13999873170551
order_0041,customer_0294,delivered,2017-05-11,2017-05-12,2017-05-17,22.701988010303538
order_0042,customer_0103,delivered,2017-11-03,2017-11-04,2017-11-12,43.9243694006252
order_0043,customer_0013,shipped,2017-05-15,2017-05-16,2017-05-24,47.88645851600991
order_0044,customer_0287,delivered,2017-01-21,2017-01-23,2017-01-27,45.394204707840174
order_0045,customer_0178,delivered,2017-11-25,2017-11-26,2017-12-02,39.5626790375749
order_0046,customer_0124,delivered,2017-06-16,2017-06-17,2017-06-21,21.09858718899816
order_0047,customer_0022,delivered,2017-10-01,2017-10-02,2017-10-04,21.264641684225268
order_0048,customer_0062,delivered,2017-03-30,2017-03-31,2017-04-04,48.53441281784151
order_0049,customer_0142,delivered,2017-11-12,2017-11-13,2017-11-16,10.411379837427681
order_0050,customer_0152,delivered,2017-01-14,2017-01-16,2017-01-19,38.64199892968578
order_0051,customer_0144,delivered,2017-08-30,2017-08-31,2017-09-05,38.24984650221049
order_0052,customer_0224,delivered,2017-09-22,2017-09-24,2017-09-25,34.907581637991896
order_0053,customer_0103,delivered,2017-12-12,2017-12-14,2017-12-17,49.604353843474634
order_0054,customer_0103,shipped,2017-02-22,2017-02-24,2017-02-25,22.47517743054901
order_0055,customer_0038,delivered,2017-12-06,2017-12-08,2017-12-09,23.598874551729928
order_0056,customer_0197,delivered,2017-04-02,2017-04-04,2017-04-06,13.157576117862222
order_0057,customer_0133,delivered,2017-09-21,2017-09-22,2017-09-25,27.711925461749498
order_0058,customer_0066,processing,2017-02-04,2017-02-05,2017-02-10,20.441941049393925
order_0059,customer_0178,shipped,2017-07-25,2017-07-27,2017-08-01,23.73546808710577
order_0060,customer_0041,delivered,2017-03-22,2017-03-24,2017-03-31,43.38287161022511
order_0061,customer_0014,delivered,2017-02-19,2017-02-21,2017-02-22,47.41938054109983
order_0062,customer_0110,delivered,2017-12-26,2017-12-27,2018-01-02,17.429322880207426
order_0063,customer_0156,delivered,2017-01-02,2017-01-04,2017-01-11,24.900357262138634
order_0064,customer_0288,delivered,2017-02-23,2017-02-24,2017-03-04,47.145222484615765
order_0065,customer_0230,delivered,2017-04-16,2017-04-18,2017-04-22,12.472338427568905
order_0066,customer_0156,delivered,2017-09-17,2017-09-18,2017-09-26,13.69442112445514
order_0067,customer_0037,delivered,2017-11-06,2017-11-08,2017-11-15,16.511639568249173
order_0068,customer_0096,delivered,2017-07-10,2017-07-11,2017-07-13,33.80851336507499
order_0069,customer_0288,delivered,2017-08-06,2017-08-08,2017-08-09,16.018890840239898
order_0070,customer_0253,delivered,2017-02-13,2017-02-14,2017-02-21,48.72305525802934
order_0071,customer_0195,delivered,2017-06-11,2017-06-12,2017-06-18,27.868581090340815
order_0072,customer_0085,delivered,2017-07-21,2017-07-22,2017-07-26,30.060718414006654
order_0073,customer_0009,delivered,2017-09-27,2017-09-28,2017-10-01,19.86634463221626
order_0074,customer_0004,delivered,2017-12-17,2017-12-18,2017-12-22,28.83841009738934
order_0075,customer_0122,shipped,2017-10-31,2017-11-01,2017-11-07,36.47654530548046
order_0076,customer_0117,delivered,2017-09-28,2017-09-29,2017-10-02,40.04708547816171
order_0077,customer_0293,delivered,2017-08-03,2017-08-05,2017-08-08,40.15472330839652
order_0078,customer_0158,delivered,2017-09-09,2017-09-11,2017-09-17,33.115644507763534
order_0079,customer_0227,delivered,2017-07-09,2017-07-11,2017-07-13,46.17439099975429
order_0080,customer_0215,delivered,2017-10-23,2017-10-25,2017-10-26,42.696313892244376
order_0081,customer_0183,delivered,2017-08-01,2017-08-03,2017-08-06,40.281924587945014
order_0082,customer_0014,shipped,2017-07-27,2017-07-28,2017-07-31,12.224220867218424
order_0083,customer_0156,delivered,2017-08-25,2017-08-26,2017-09-02,10.275118488785973
order_0084,customer_0135,processing,2017-12-04,2017-12-05,2017-12-13,18.497891087818918
order_0085,customer_0260,delivered,2017-02-22,2017-02-23,2017-02-26,36.54094375653809
order_0086,customer_0156,delivered,2017-10-07,2017-10-08,2017-10-11,26.44789955530183
order_0087,customer_0046,shipped,2017-08-05,2017-08-07,2017-08-13,26.09625037197247
order_0088,customer_0172,delivered,2017-09-09,2017-09-11,2017-09-18,45.38347552918455
order_0089,customer_0129,delivered,2017-07-07,2017-07-09,2017-07-12,45.82251392527355
order_0090,customer_0094,delivered,2017-02-10,2017-02-12,2017-02-16,46.36701056214343
order_0091,customer_0114,delivered,2017-06-06,2017-06-07,2017-06-11,22.55512306060109
order_0092,customer_0242,delivered,2017-01-15,2017-01-16,2017-01-24,37.64223250957047
order_0093,customer_0291,delivered,2017-10-28,2017-10-29,2017-11-04,20.865327250974786
order_0094,customer_0281,delivered,2017-03-06,2017-03-08,2017-03-14,17.62439332297799
order_0095,customer_0298,delivered,2017-12-11,2017-12-12,2017-12-16,17.38529829389477
order_0096,customer_0282,delivered,2017-11-23,2017-11-25,2017-11-27,23.68430483454376
order_0097,customer_0068,delivered,2017-01-09,2017-01-10,2017-01-17,27.198304791192868
order_0098,customer_0147,delivered,2017-12-10,2017-12-11,2017-12-13,43.23796684220274
order_0099,customer_0010,delivered,2017-05-09,2017-05-11,2017-05-18,14.795643738908485
order_0100,customer_0253,delivered,2017-05-16,2017-05-17,2017-05-21,39.39703389579577
order_0101,customer_0037,processing,2017-03-04,2017-03-05,2017-03-12,31.258196567572213
order_0102,customer_0133,delivered,2017-05-19,2017-05-21,2017-05-24,21.5178137070397
order_0103,customer_0199,delivered,2017-03-22,2017-03-23,2017-03-30,29.712783381312985
order_0104,customer_0022,delivered,2017-06-12,2017-06-14,2017-06-16,21.997682791080905
order_0105,customer_0217,delivered,2017-10-16,2017-10-17,2017-10-19,33.843278209532244
order_0106,customer_0140,shipped,2017-09-18,2017-09-19,2017-09-21,27.353756914209768
order_0107,customer_0103,delivered,2017-08-19,2017-08-20,2017-08-26,16.57622116315515
order_0108,customer_0209,delivered,2017-02-10,2017-02-11,2017-02-18,14.663322982227868
order_0109,customer_0110,delivered,2017-01-28,2017-01-29,2017-02-02,31.867827282885205
order_0110,customer_0103,delivered,2017-05-15,2017-05-16,2017-05-18,46.09652133144414
order_0111,customer_0170,delivered,2017-07-20,2017-07-21,2017-07-29,23.75830746230742
order_0112,customer_0132,delivered,2017-11-24,2017-11-25,2017-11-27,39.320004288904926
order_0113,customer_0292,delivered,2017-09-25,2017-09-27,2017-10-01,36.346454197590674
order_0114,customer_0126,delivered,2017-02-02,2017-02-04,2017-02-08,47.26219657237924
order_0115,customer_0105,delivered,2017-02-17,2017-02-18,2017-02-20,42.839240691965635
order_0116,customer_0091,delivered,2017-03-03,2017-03-04,2017-03-11,32.66421035621852
order_0117,customer_0286,delivered,2017-08-04,2017-08-06,2017-08-11,36.28121992936429
order_0118,customer_0050,shipped,2017-10-20,2017-10-21,2017-10-23,45.935458663361395
order_0119,customer_0028,delivered,2017-04-09,2017-04-10,2017-04-13,25.98075138347739
order_0120,customer_0295,shipped,2017-06-21,2017-06-23,2017-06-26,23.071788234311093
order_0121,customer_0296,delivered,2017-12-26,2017-12-27,2018-01-02,10.432443345407854
order_0122,customer_0213,delivered,2017-08-02,2017-08-03,2017-08-06,43.06204296765857
order_0123,customer_0266,delivered,2017-02-04,2017-02-06,2017-02-11,42.039228016134594
order_0124,customer_0256,delivered,2017-08-15,2017-08-16,2017-08-19,14.178180724006054
order_0125,customer_0100,delivered,2017-04-11,2017-04-12,2017-04-16,33.07429524530801
order_0126,customer_0109,delivered,2017-05-11,2017-05-13,2017-05-16,28.559267926675496
order_0127,customer_0181,delivered,2017-09-14,2017-09-15,2017-09-20,14.748363820364458
order_0128,customer_0000,delivered,2017-01-05,2017-01-07,2017-01-13,49.22272908242894
order_0129,customer_0054,delivered,2017-08-06,2017-08-07,2017-08-10,18.58783549853422
order_0130,customer_0148,delivered,2017-09-12,2017-09-13,2017-09-18,12.689367203622446
order_0131,customer_0136,delivered,2017-12-25,2017-12-27,2017-12-29,33.79389518007638
order_0132,customer_0201,delivered,2017-10-10,2017-10-12,2017-10-16,39.554667085321306
order_0133,customer_0116,delivered,2017-07-26,2017-07-27,2017-07-31,11.297737841887479
order_0134,customer_0153,delivered,2017-01-15,2017-01-17,2017-01-22,36.34870554908089
order_0135,customer_0290,processing,2017-12-12,2017-12-14,2017-12-21,31.291675038058177
order_0136,customer_0062,delivered,2017-02-11,2017-02-12,2017-02-17,14.130600355001937
order_0137,customer_0243,delivered,2017-06-28,2017-06-29,2017-07-02,16.900955077854483
order_0138,customer_0024,processing,2017-03-04,2017-03-05,2017-03-08,32.718971892643225
order_0139,customer_0089,delivered,2017-12-18,2017-12-20,2017-12-27,21.854304540531537
order_0140,customer_0074,delivered,2017-08-19,2017-08-21,2017-08-27,47.53262914605264
order_0141,customer_0293,delivered,2017-08-29,2017-08-31,2017-09-03,42.74960917936203
order_0142,customer_0209,delivered,2017-02-21,2017-02-23,2017-02-25,49.342688260546524
order_0143,customer_0016,delivered,2017-04-06,2017-04-07,2017-04-09,20.38683355801656
order_0144,customer_0127,delivered,2017-08-10,2017-08-12,2017-08-17,48.78894531191908
order_0145,customer_0250,delivered,2017-08-19,2017-08-20,2017-08-25,27.249354791662313
order_0146,customer_0178,delivered,2017-08-25,2017-08-27,2017-09-02,23.900751812550183
order_0147,customer_0181,processing,2017-05-23,2017-05-24,2017-06-01,12.01398107877413
order_0148,customer_0151,delivered,2017-06-20,2017-06-21,2017-06-27,12.110610314384104
order_0149,customer_0024,delivered,2017-01-29,2017-01-30,2017-02-03,37.68045023786619
order_0150,customer_0179,delivered,2017-02-05,2017-02-07,2017-02-13,28.317159777361116
order_0151,customer_0197,delivered,2017-01-13,2017-01-14,2017-01-19,19.060865041444227
order_0152,customer_0160,delivered,2017-06-09,2017-06-10,2017-06-15,34.55881225300931
order_0153,customer_0176,delivered,2017-11-23,2017-11-25,2017-12-02,20.114324730004448
order_0154,customer_0284,delivered,2017-07-06,2017-07-07,2017-07-09,33.1052701737769
order_0155,customer_0062,delivered,2017-08-31,2017-09-02,2017-09-09,24.368349879307615
order_0156,customer_0149,delivered,2017-03-27,2017-03-29,2017-04-01,42.94208906447276
order_0157,customer_0153,delivered,2017-10-11,2017-10-12,2017-10-19,42.82784643067117
order_0158,customer_0155,delivered,2017-03-07,2017-03-08,2017-03-15,29.094015924896052
order_0159,customer_0048,delivered,2017-06-19,2017-06-21,2017-06-23,24.032764373400624
order_0160,customer_0083,delivered,2017-02-14,2017-02-15,2017-02-17,24.50239186236378
order_0161,customer_0176,delivered,2017-03-03,2017-03-05,2017-03-06,42.22858102672872
order_0162,customer_0147,delivered,2017-05-14,2017-05-16,2017-05-22,23.12717931190448
order_0163,customer_0117,delivered,2017-10-11,2017-10-13,2017-10-19,18.36237494827384
order_0164,customer_0062,delivered,2017-01-28,2017-01-29,2017-02-04,13.387533675012273
order_0165,customer_0188,delivered,2017-04-18,2017-04-20,2017-04-25,28.667724835376337
order_0166,customer_0048,delivered,2017-02-13,2017-02-14,2017-02-20,29.285283956793677
order_0167,customer_0256,delivered,2017-12-06,2017-12-07,2017-12-09,43.636348416116284
order_0168,customer_0223,delivered,2017-10-13,2017-10-14,2017-10-17,18.84954785784256
order_0169,customer_0140,delivered,2017-11-27,2017-11-28,2017-12-03,25.239650946735996
order_0170,customer_0214,delivered,2017-05-08,2017-05-10,2017-05-15,42.336229555747636
order_0171,customer_0210,delivered,2017-12-14,2017-12-15,2017-12-18,42.94494442995894
order_0172,customer_0031,delivered,2017-08-19,2017-08-21,2017-08-28,25.384443039150728
order_0173,customer_0157,delivered,2017-07-09,2017-07-11,2017-07-14,28.364960931467238
order_0174,customer_0284,processing,2017-08-13,2017-08-14,2017-08-20,22.131435633971318
order_0175,customer_0285,delivered,2017-10-10,2017-10-12,2017-10-19,47.30219513677248
order_0176,customer_0143,shipped,2017-05-01,2017-05-03,2017-05-07,14.745750629663213
order_0177,customer_0018,delivered,2017-04-26,2017-04-27,2017-05-01,47.3499769200588
order_0178,customer_0017,delivered,2017-08-21,2017-08-23,2017-08-26,37.35465807341373
order_0179,customer_0256,delivered,2017-09-16,2017-09-18,2017-09-22,31.26288610746925
order_0180,customer_0077,delivered,2017-12-25,2017-12-27,2018-01-01,11.306362431379835
order_0181,customer_0174,delivered,2017-07-17,2017-07-19,2017-07-20,29.023847672880333
order_0182,customer_0193,delivered,2017-05-17,2017-05-18,2017-05-23,26.309924200109293
order_0183,customer_0112,delivered,2017-11-14,2017-11-16,2017-11-20,16.448752479004902
order_0184,customer_0113,delivered,2017-06-14,2017-06-16,2017-06-20,36.25638414002628
order_0185,customer_0221,delivered,2017-08-13,2017-08-15,2017-08-18,48.846036294731434
order_0186,customer_0165,delivered,2017-11-03,2017-11-05,2017-11-07,32.487552442581006
order_0187,customer_0131,delivered,2017-08-22,2017-08-23,2017-08-31,38.59013105775783
order_0188,customer_0263,delivered,2017-06-21,2017-06-23,2017-06-24,12.738018102640671
order_0189,customer_0054,delivered,2017-06-01,2017-06-02,2017-06-08,26.70667983267979
order_0190,customer_0130,delivered,2017-11-11,2017-11-13,2017-11-18,14.654339406579835
order_0191,customer_0287,delivered,2017-06-09,2017-06-10,2017-06-18,34.511833421460416
order_0192,customer_0265,delivered,2017-04-06,2017-04-07,2017-04-10,47.539286328566185
order_0193,customer_0161,shipped,2017-08-21,2017-08-22,2017-08-27,36.47110929886554
order_0194,customer_0086,delivered,2017-06-29,2017-06-30,2017-07-02,13.072121932576861
order_0195,customer_0054,delivered,2017-04-23,2017-04-24,2017-04-30,24.186648199403315
order_0196,customer_0287,delivered,2017-11-14,2017-11-16,2017-11-23,32.02653517763406
order_0197,customer_0177,delivered,2017-02-21,2017-02-23,2017-03-01,26.128310245330088
order_0198,customer_0007,delivered,2017-09-25,2017-09-27,2017-10-04,43.34576041900689
order_0199,customer_0246,delivered,2017-10-22,2017-10-23,2017-10-29,42.58684018839957
order_0200,customer_0254,delivered,2017-04-23,2017-04-25,2017-04-29,34.47324080412886
order_0201,customer_0053,shipped,2017-04-11,2017-04-12,2017-04-19,24.93831780530821
order_0202,customer_0248,delivered,2017-04-23,2017-04-24,2017-04-27,20.213454950529766
order_0203,customer_0238,delivered,2017-03-22,2017-03-24,2017-03-25,14.234972728525172
order_0204,customer_0228,delivered,2017-07-06,2017-07-08,2017-07-10,24.19590733946216
order_0205,customer_0066,delivered,2017-04-23,2017-04-24,2017-04-27,26.526900688308782
order_0206,customer_0050,delivered,2017-01-02,2017-01-03,2017-01-11,37.03291700416294
order_0207,customer_0096,delivered,2017-05-10,2017-05-12,2017-05-13,36.32639297190294
order_0208,customer_0091,delivered,2017-08-08,2017-08-10,2017-08-11,12.804325585650279
order_0209,customer_0263,delivered,2017-02-23,2017-02-25,2017-03-02,25.810372617246312
order_0210,customer_0290,delivered,2017-12-09,2017-12-11,2017-12-16,17.271154688694477
order_0211,customer_0095,delivered,2017-08-12,2017-08-13,2017-08-15,16.27250821267223
order_0212,customer_0087,delivered,2017-08-13,2017-08-15,2017-08-21,43.09208598948984
order_0213,customer_0077,delivered,2017-05-06,2017-05-08,2017-05-11,11.676608668650301
order_0214,customer_0287,delivered,2017-05-10,2017-05-12,2017-05-17,26.767315036084852
order_0215,customer_0119,delivered,2017-02-22,2017-02-23,2017-02-27,16.728146230660727
order_0216,customer_0164,delivered,2017-06-21,2017-06-22,2017-06-30,45.17320862713896
order_0217,customer_0181,delivered,2017-08-06,2017-08-07,2017-08-14,32.28162053100141
order_0218,customer_0222,delivered,2017-06-09,2017-06-10,2017-06-12,19.25522545507392
order_0219,customer_0006,delivered,2017-07-17,2017-07-19,2017-07-25,30.097091486655057
order_0220,customer_0262,shipped,2017-09-04,2017-09-05,2017-09-11,39.25945438812463
order_0221,customer_0160,delivered,2017-11-20,2017-11-22,2017-11-24,48.32472035677735
order_0222,customer_0150,delivered,2017-07-22,2017-07-24,2017-07-31,18.81784016981676
order_0223,customer_0084,delivered,2017-07-03,2017-07-05,2017-07-06,45.44727088517381
order_0224,customer_0146,delivered,2017-05-03,2017-05-05,2017-05-09,47.37216456669961
order_0225,customer_0111,delivered,2017-09-12,2017-09-13,2017-09-21,46.65682178128265
order_0226,customer_0035,delivered,2017-10-21,2017-10-22,2017-10-26,35.41657427447639
order_0227,customer_0284,delivered,2017-10-07,2017-10-08,2017-10-15,35.19282617738831
order_0228,customer_0187,delivered,2017-11-21,2017-11-23,2017-11-24,26.12842532735291
order_0229,customer_0081,delivered,2017-04-08,2017-04-10,2017-04-17,40.09591529215152
order_0230,customer_0001,delivered,2017-07-17,2017-07-19,2017-07-25,31.251760734037276
order_0231,customer_0196,delivered,2017-08-28,2017-08-30,2017-08-31,37.09752284913178
order_0232,customer_0010,delivered,2017-05-24,2017-05-26,2017-05-31,27.13831615395182
order_0233,customer_0233,delivered,2017-04-07,2017-04-08,2017-04-16,39.259858561725565
order_0234,customer_0194,delivered,2017-07-20,2017-07-22,2017-07-27,42.97886070418196
order_0235,customer_0118,shipped,2017-05-04,2017-05-05,2017-05-13,15.857450264112645
order_0236,customer_0019,delivered,2017-07-06,2017-07-08,2017-07-13,43.31718862296912
order_0237,customer_0260,delivered,2017-11-22,2017-11-24,2017-11-30,31.61186127161229
order_0238,customer_0292,delivered,2017-12-15,2017-12-16,2017-12-21,43.78663636360897
order_0239,customer_0255,delivered,2017-09-16,2017-09-17,2017-09-25,27.252068253640584
order_0240,customer_0221,delivered,2017-05-28,2017-05-30,2017-06-06,25.1616194153214
order_0241,customer_0225,delivered,2017-09-09,2017-09-11,2017-09-16,46.6024293006889
order_0242,customer_0052,delivered,2017-12-12,2017-12-14,2017-12-15,20.04677070193605
order_0243,customer_0279,delivered,2017-05-27,2017-05-29,2017-06-05,43.76849301144573
order_0244,customer_0080,delivered,2017-05-28,2017-05-29,2017-06-04,29.360822900376164
order_0245,customer_0201,delivered,2017-12-18,2017-12-20,2017-12-22,30.56381770205039
order_0246,customer_0157,delivered,2017-07-18,2017-07-19,2017-07-25,22.33873125957936
order_0247,customer_0119,shipped,2017-11-04,2017-11-06,2017-11-12,32.92168802476063
order_0248,customer_0058,delivered,2017-05-08,2017-05-09,2017-05-14,23.00844785104845
order_0249,customer_0214,delivered,2017-02-08,2017-02-09,2017-02-12,11.570776569666092
order_0250,customer_0127,processing,2017-12-04,2017-12-06,2017-12-12,20.87994421377424
order_0251,customer_0223,delivered,2017-12-26,2017-12-27,2018-01-03,10.255161736263627
order_0252,customer_0208,delivered,2017-05-09,2017-05-11,2017-05-17,49.13419148227427
order_0253,customer_0114,delivered,2017-09-24,2017-09-25,2017-09-27,48.6298883927899
order_0254,customer_0208,delivered,2017-05-31,2017-06-02,2017-06-08,25.8062118988922
order_0255,customer_0013,delivered,2017-10-25,2017-10-26,2017-10-28,39.134834173585844
order_0256,customer_0008,delivered,2017-04-09,2017-04-11,2017-04-17,23.832243936417
order_0257,customer_0039,delivered,2017-09-20,2017-09-22,2017-09-25,36.84372628343904
order_0258,customer_0236,shipped,2017-09-09,2017-09-10,2017-09-13,42.21720172183916
order_0259,customer_0280,delivered,2017-05-24,2017-05-25,2017-05-29,47.87024978768963
order_0260,customer_0200,delivered,2017-12-12,2017-12-13,2017-12-20,26.00849103398688
order_0261,customer_0245,delivered,2017-04-22,2017-04-23,2017-04-26,41.33191931824191
order_0262,customer_0277,delivered,2017-03-01,2017-03-03,2017-03-05,20.637138025284752
order_0263,customer_0234,delivered,2017-01-02,2017-01-03,2017-01-11,49.61329215174593
order_0264,customer_0003,shipped,2017-10-31,2017-11-02,2017-11-06,11.030783950574046
order_0265,customer_0153,delivered,2017-09-11,2017-09-12,2017-09-16,34.141152260044834
order_0266,customer_0028,delivered,2017-05-20,2017-05-22,2017-05-26,36.38023926605308
order_0267,customer_0108,delivered,2017-02-06,2017-02-08,2017-02-10,37.521822282965154
order_0268,customer_0097,delivered,2017-06-09,2017-06-11,2017-06-12,14.815503151563561
order_0269,customer_0214,delivered,2017-01-09,2017-01-11,2017-01-13,47.541191338925216
order_0270,customer_0292,delivered,2017-08-21,2017-08-22,2017-08-27,17.247331162003313
order_0271,customer_0074,delivered,2017-04-09,2017-04-10,2017-04-14,34.91013612959364
order_0272,customer_0145,delivered,2017-05-27,2017-05-29,2017-06-04,18.907043164923397
order_0273,customer_0127,delivered,2017-10-31,2017-11-01,2017-11-09,22.288656680850835
order_0274,customer_0041,shipped,2017-07-27,2017-07-28,2017-08-05,31.858341669124975
order_0275,customer_0040,delivered,2017-05-11,2017-05-13,2017-05-20,26.68773674258306
order_0276,customer_0033,delivered,2017-06-01,2017-06-02,2017-06-09,16.409024039060252
order_0277,customer_0016,delivered,2017-02-23,2017-02-24,2017-03-04,16.837456096833932
order_0278,customer_0164,delivered,2017-04-30,2017-05-01,2017-05-05,26.725791526511987
order_0279,customer_0152,delivered,2017-06-10,2017-06-12,2017-06-18,40.29131913102003
order_0280,customer_0075,delivered,2017-04-26,2017-04-27,2017-05-05,45.91858587391154
order_0281,customer_0086,delivered,2017-03-16,2017-03-18,2017-03-24,13.365106490375315
order_0282,customer_0116,delivered,2017-04-23,2017-04-24,2017-04-29,25.72415630237604
order_0283,customer_0026,delivered,2017-04-14,2017-04-15,2017-04-19,14.009822548915064
order_0284,customer_0286,processing,2017-12-06,2017-12-07,2017-12-13,10.663699225303915
order_0285,customer_0133,shipped,2017-09-11,2017-09-13,2017-09-14,36.468747305758264
order_0286,customer_0218,delivered,2017-08-15,2017-08-17,2017-08-24,34.09797767866351
order_0287,customer_0167,delivered,2017-04-22,2017-04-23,2017-04-25,16.52076455259545
order_0288,customer_0097,delivered,2017-04-09,2017-04-11,2017-04-17,19.352513323722565
order_0289,customer_0267,delivered,2017-06-02,2017-06-03,2017-06-05,10.948310145780734
order_0290,customer_0236,delivered,2017-12-15,2017-12-17,2017-12-20,43.39788822777615
order_0291,customer_0172,delivered,2017-12-04,2017-12-06,2017-12-09,48.98762384194206
order_0292,customer_0189,delivered,2017-07-13,2017-07-14,2017-07-17,15.418381471787633
order_0293,customer_0121,delivered,2017-11-06,2017-11-07,2017-11-15,19.259008550611924
order_0294,customer_0045,delivered,2017-06-12,2017-06-13,2017-06-16,44.73638095787736
order_0295,customer_0063,delivered,2017-07-27,2017-07-28,2017-07-30,47.058551918247396
order_0296,customer_0129,delivered,2017-06-18,2017-06-20,2017-06-25,26.785095312272414
order_0297,customer_0192,delivered,2017-06-10,2017-06-12,2017-06-14,12.024898890762966
order_0298,customer_0180,delivered,2017-03-09,2017-03-11,2017-03-13,11.575673347712776
order_0299,customer_0291,delivered,2017-10-16,2017-10-17,2017-10-21,32.95799464276042
order_0300,customer_0281,delivered,2017-10-04,2017-10-05,2017-10-11,25.715804355727162
order_0301,customer_0028,delivered,2017-10-31,2017-11-02,2017-11-08,11.14609710310618
order_0302,customer_0148,delivered,2017-05-15,2017-05-16,2017-05-18,33.33009569250227
order_0303,customer_0266,delivered,2017-07-14,2017-07-16,2017-07-18,10.452101463560899
order_0304,customer_0295,delivered,2017-05-08,2017-05-10,2017-05-15,41.494878325970916
order_0305,customer_0010,delivered,2017-02-02,2017-02-04,2017-02-11,22.257312908134864
order_0306,customer_0163,delivered,2017-06-25,2017-06-27,2017-07-02,11.610320120369284
order_0307,customer_0112,delivered,2017-01-22,2017-01-24,2017-01-25,33.53408883932613
order_0308,customer_0186,delivered,2017-08-26,2017-08-27,2017-09-02,25.90737657732219
order_0309,customer_0294,processing,2017-06-07,2017-06-08,2017-06-14,48.95201653428598
order_0310,customer_0231,delivered,2017-02-07,2017-02-08,2017-02-14,31.76794650014809
order_0311,customer_0226,delivered,2017-08-18,2017-08-20,2017-08-27,21.009567241480333
order_0312,customer_0097,delivered,2017-12-31,2018-01-02,2018-01-04,38.37755458535899
order_0313,customer_0054,delivered,2017-02-20,2017-02-22,2017-02-23,20.859680101708452
order_0314,customer_0110,delivered,2017-09-21,2017-09-23,2017-09-30,46.1697316563026
order_0315,customer_0151,delivered,2017-10-10,2017-10-11,2017-10-17,24.988878820295056
order_0316,customer_0245,delivered,2017-01-27,2017-01-28,2017-02-03,31.99474251104821
order_0317,customer_0068,delivered,2017-08-14,2017-08-16,2017-08-18,12.022924152969154
order_0318,customer_0288,delivered,2017-10-04,2017-10-06,2017-10-07,27.04484951808923
order_0319,customer_0249,delivered,2017-10-13,2017-10-15,2017-10-18,43.2945415864398
order_0320,customer_0035,delivered,2017-04-07,2017-04-08,2017-04-16,42.22595221453368
order_0321,customer_0238,delivered,2017-10-11,2017-10-12,2017-10-15,18.97274235414105
order_0322,customer_0147,delivered,2017-11-13,2017-11-14,2017-11-16,19.043162840422507
order_0323,customer_0226,delivered,2017-10-31,2017-11-02,2017-11-09,42.69221248852947
order_0324,customer_0243,delivered,2017-05-27,2017-05-29,2017-06-03,47.21593680677302
order_0325,customer_0200,delivered,2017-01-04,2017-01-05,2017-01-07,13.814436850920142
order_0326,customer_0153,shipped,2017-02-04,2017-02-06,2017-02-07,28.00234557704901
order_0327,customer_0072,delivered,2017-07-11,2017-07-12,2017-07-19,23.498171158569157
order_0328,customer_0200,delivered,2017-02-18,2017-02-20,2017-02-21,44.827538218297576
order_0329,customer_0295,delivered,2017-01-17,2017-01-18,2017-01-22,13.34099658720075
order_0330,customer_0016,delivered,2017-06-21,2017-06-23,2017-06-24,18.445037702321496
order_0331,customer_0128,delivered,2017-08-08,2017-08-09,2017-08-13,40.09873350345977
order_0332,customer_0216,processing,2017-06-07,2017-06-08,2017-06-14,12.051753959248623
order_0333,customer_0060,delivered,2017-02-15,2017-02-16,2017-02-20,29.70141522857157
order_0334,customer_0103,delivered,2017-01-06,2017-01-07,2017-01-15,27.6842813871888
order_0335,customer_0041,delivered,2017-04-09,2017-04-10,2017-04-16,23.376047159549948
order_0336,customer_0024,delivered,2017-08-21,2017-08-22,2017-08-28,25.782892612756953
order_0337,customer_0038,delivered,2017-02-06,2017-02-08,2017-02-11,31.19762347720932
order_0338,customer_0290,delivered,2017-10-07,2017-10-09,2017-10-11,16.454694335535326
order_0339,customer_0130,delivered,2017-12-15,2017-12-17,2017-12-21,32.87983513134371
order_0340,customer_0228,delivered,2017-10-29,2017-10-30,2017-11-01,42.21729317199945
order_0341,customer_0107,delivered,2017-06-30,2017-07-01,2017-07-08,40.40643719160636
order_0342,customer_0171,delivered,2017-04-05,2017-04-07,2017-04-11,16.155996187750947
order_0343,customer_0101,delivered,2017-04-09,2017-04-10,2017-04-12,15.969978789658956
order_0344,customer_0011,delivered,2017-07-07,2017-07-08,2017-07-10,20.726974709796533
order_0345,customer_0274,delivered,2017-04-26,2017-04-27,2017-05-03,24.44298905364149
order_0346,customer_0100,delivered,2017-07-10,2017-07-11,2017-07-13,26.338223256339305
order_0347,customer_0043,delivered,2017-09-10,2017-09-11,2017-09-18,37.18788867333381
order_0348,customer_0016,delivered,2017-06-10,2017-06-12,2017-06-13,12.267217286633416
order_0349,customer_0056,delivered,2017-09-13,2017-09-15,2017-09-18,11.386908169042655
order_0350,customer_0011,delivered,2017-11-19,2017-11-21,2017-11-25,25.67642251775636
order_0351,customer_0079,delivered,2017-05-08,2017-05-10,2017-05-13,37.88654768551922
order_0352,customer_0215,delivered,2017-01-18,2017-01-20,2017-01-26,17.737413718259305
order_0353,customer_0263,delivered,2017-10-08,2017-10-09,2017-10-11,35.66017925025007
order_0354,customer_0148,delivered,2017-08-11,2017-08-12,2017-08-20,20.393125517611978
order_0355,customer_0080,delivered,2017-02-23,2017-02-24,2017-03-03,45.44344435254065
order_0356,customer_0214,delivered,2017-02-27,2017-02-28,2017-03-06,45.82759777066466
order_0357,customer_0197,delivered,2017-11-19,2017-11-21,2017-11-24,21.89148817125306
order_0358,customer_0199,delivered,2017-12-26,2017-12-28,2017-12-31,19.19975015852962
order_0359,customer_0024,delivered,2017-06-23,2017-06-25,2017-06-27,26.45215888264925
order_0360,customer_0088,delivered,2017-10-07,2017-10-08,2017-10-10,19.621263407205948
order_0361,customer_0267,delivered,2017-04-24,2017-04-26,2017-05-01,36.895353731668145
order_0362,customer_0142,delivered,2017-10-15,2017-10-16,2017-10-24,43.04258738193142
order_0363,customer_0058,delivered,2017-12-08,2017-12-10,2017-12-13,36.92368523644868
order_0364,customer_0025,delivered,2017-05-31,2017-06-02,2017-06-05,42.97401788997398
order_0365,customer_0046,delivered,2017-05-07,2017-05-08,2017-05-14,25.879686488298965
order_0366,customer_0287,delivered,2017-06-04,2017-06-05,2017-06-12,16.252678828354433
order_0367,customer_0265,delivered,2017-09-30,2017-10-02,2017-10-08,39.51803789590369
order_0368,customer_0015,delivered,2017-04-14,2017-04-16,2017-04-17,24.418980205662155
order_0369,customer_0198,delivered,2017-10-26,2017-10-27,2017-10-30,36.8508330091653
order_0370,customer_0281,delivered,2017-09-03,2017-09-05,2017-09-08,20.825757679270627
order_0371,customer_0085,delivered,2017-06-25,2017-06-27,2017-06-29,13.249185392266906
order_0372,customer_0249,delivered,2017-02-08,2017-02-09,2017-02-16,49.70327181951053
order_0373,customer_0269,delivered,2017-06-19,2017-06-21,2017-06-27,16.24806031722397
order_0374,customer_0116,processing,2017-09-04,2017-09-05,2017-09-10,49.536839758539244
order_0375,customer_0006,shipped,2017-01-26,2017-01-28,2017-02-04,49.09119730265789
order_0376,customer_0136,delivered,2017-12-21,2017-12-22,2017-12-24,41.752724156321584
order_0377,customer_0175,delivered,2017-11-02,2017-11-04,2017-11-08,36.3769184832799
order_0378,customer_0214,delivered,2017-01-13,2017-01-14,2017-01-22,33.11228201004339
order_0379,customer_0081,delivered,2017-11-12,2017-11-14,2017-11-18,44.64406181511339
order_0380,customer_0222,delivered,2017-11-09,2017-11-10,2017-11-15,21.577580864779517
order_0381,customer_0102,delivered,2017-02-05,2017-02-07,2017-02-08,28.70724849939508
order_0382,customer_0272,delivered,2017-06-22,2017-06-24,2017-06-25,34.775598774660075
order_0383,customer_0013,delivered,2017-01-20,2017-01-22,2017-01-27,26.447619034779642
order_0384,customer_0158,delivered,2017-11-17,2017-11-19,2017-11-21,27.09945816361072
order_0385,customer_0151,delivered,2017-09-21,2017-09-23,2017-09-25,23.211386700083377
order_0386,customer_0107,delivered,2017-05-22,2017-05-24,2017-05-29,32.56927266738144
order_0387,customer_0187,delivered,2017-05-23,2017-05-25,2017-05-30,44.02298112060464
order_0388,customer_0097,delivered,2017-04-02,2017-04-04,2017-04-10,18.061135120252516
order_0389,customer_0130,delivered,2017-12-20,2017-12-22,2017-12-29,47.37732155013766
order_0390,customer_0292,delivered,2017-11-18,2017-11-19,2017-11-24,37.56350614992918
order_0391,customer_0170,delivered,2017-10-15,2017-10-16,2017-10-22,42.93092850720121
order_0392,customer_0182,delivered,2017-08-03,2017-08-05,2017-08-08,32.247627705200465
order_0393,customer_0038,delivered,2017-12-08,2017-12-09,2017-12-12,41.18066805696254
order_0394,customer_0014,delivered,2017-02-20,2017-02-22,2017-02-27,10.648015893578687
order_0395,customer_0003,shipped,2017-06-02,2017-06-04,2017-06-07,42.73521699118141
order_0396,customer_0209,delivered,2017-07-05,2017-07-06,2017-07-10,11.605554363414662
order_0397,customer_0160,delivered,2017-03-04,2017-03-06,2017-03-09,45.5965350545145
order_0398,customer_0015,delivered,2017-07-09,2017-07-11,2017-07-17,49.67850988954573
order_0399,customer_0107,delivered,2017-05-05,2017-05-06,2017-05-13,21.762698487071113
order_0400,customer_0226,delivered,2017-05-30,2017-05-31,2017-06-04,18.412742251431744
order_0401,customer_0169,delivered,2017-11-10,2017-11-12,2017-11-19,40.61453455432163
order_0402,customer_0033,delivered,2017-02-27,2017-02-28,2017-03-07,20.121053636810128
order_0403,customer_0250,delivered,2017-12-08,2017-12-09,2017-12-14,44.62249532688814
order_0404,customer_0246,delivered,2017-11-01,2017-11-03,2017-11-06,14.113703686299068
order_0405,customer_0268,delivered,2017-06-29,2017-06-30,2017-07-05,15.038207855174331
order_0406,customer_0140,delivered,2017-06-19,2017-06-20,2017-06-25,49.16606220402463
order_0407,customer_0273,delivered,2017-11-22,2017-11-24,2017-11-27,36.953555930800185
order_0408,customer_0095,delivered,2017-09-28,2017-09-29,2017-10-02,43.87548897715811
order_0409,customer_0226,delivered,2017-02-23,2017-02-24,2017-03-04,22.97317509406072
order_0410,customer_0038,delivered,2017-04-11,2017-04-13,2017-04-16,37.05934998082418
order_0411,customer_0028,delivered,2017-09-21,2017-09-23,2017-09-26,33.769673092343886
order_0412,customer_0244,delivered,2017-02-22,2017-02-24,2017-03-02,34.12600480491788
order_0413,customer_0235,delivered,2017-03-01,2017-03-02,2017-03-06,37.301298381508865
order_0414,customer_0184,delivered,2017-04-18,2017-04-20,2017-04-22,33.01436692516394
order_0415,customer_0271,delivered,2017-01-05,2017-01-07,2017-01-13,27.162494772106637
order_0416,customer_0235,shipped,2017-04-13,2017-04-14,2017-04-16,21.036907775221874
order_0417,customer_0238,delivered,2017-07-15,2017-07-17,2017-07-18,40.743253236528076
order_0418,customer_0265,delivered,2017-09-19,2017-09-21,2017-09-25,19.050897200127448
order_0419,customer_0064,delivered,2017-12-31,2018-01-02,2018-01-09,37.694172246176564
order_0420,customer_0176,delivered,2017-12-16,2017-12-18,2017-12-22,19.333312905973067
order_0421,customer_0002,delivered,2017-02-16,2017-02-17,2017-02-20,35.01320679817816
order_0422,customer_0141,shipped,2017-12-21,2017-12-23,2017-12-28,39.883130685161156
order_0423,customer_0157,delivered,2017-11-07,2017-11-09,2017-11-16,18.748555556261568
order_0424,customer_0145,delivered,2017-11-04,2017-11-05,2017-11-07,12.397732034452332
order_0425,customer_0292,delivered,2017-05-24,2017-05-26,2017-05-30,15.238949719766964
order_0426,customer_0152,delivered,2017-09-26,2017-09-27,2017-09-29,34.23987869084102
order_0427,customer_0192,delivered,2017-05-04,2017-05-05,2017-05-08,43.97785624902942
order_0428,customer_0072,delivered,2017-04-16,2017-04-17,2017-04-20,11.799872849416975
order_0429,customer_0139,delivered,2017-06-07,2017-06-09,2017-06-14,39.36605036166585
order_0430,customer_0186,delivered,2017-05-27,2017-05-28,2017-06-03,23.652745838002083
order_0431,customer_0292,delivered,2017-05-25,2017-05-26,2017-06-02,29.1411347967809
order_0432,customer_0060,shipped,2017-04-30,2017-05-01,2017-05-09,47.154381993822625
order_0433,customer_0197,delivered,2017-11-15,2017-11-17,2017-11-19,23.278860189433818
order_0434,customer_0294,delivered,2017-10-02,2017-10-04,2017-10-08,28.61347735757944
order_0435,customer_0010,delivered,2017-04-02,2017-04-04,2017-04-05,10.547296590427244
order_0436,customer_0061,delivered,2017-02-27,2017-03-01,2017-03-04,13.263948800193536
order_0437,customer_0225,delivered,2017-12-12,2017-12-14,2017-12-19,20.34366364539136
order_0438,customer_0152,delivered,2017-08-17,2017-08-19,2017-08-22,11.114089632842976
order_0439,customer_0198,delivered,2017-04-27,2017-04-29,2017-05-03,35.25501304193004
order_0440,customer_0051,shipped,2017-11-14,2017-11-15,2017-11-21,27.055934272064903
order_0441,customer_0259,delivered,2017-10-06,2017-10-07,2017-10-11,31.92580810912088
order_0442,customer_0058,shipped,2017-05-07,2017-05-08,2017-05-16,16.985887435853183
order_0443,customer_0071,delivered,2017-05-09,2017-05-10,2017-05-15,21.837281177464646
order_0444,customer_0147,delivered,2017-02-27,2017-03-01,2017-03-02,36.552978994109004
order_0445,customer_0062,delivered,2017-05-02,2017-05-03,2017-05-11,48.612108945215994
order_0446,customer_0242,delivered,2017-01-01,2017-01-02,2017-01-07,12.016670944088368
order_0447,customer_0106,processing,2017-08-27,2017-08-28,2017-09-04,45.615372834210646
order_0448,customer_0225,delivered,2017-10-17,2017-10-18,2017-10-24,33.07524805244834
order_0449,customer_0217,delivered,2017-04-06,2017-04-08,2017-04-10,32.55678267022495
order_0450,customer_0240,delivered,2017-05-06,2017-05-08,2017-05-09,30.011141408310415
order_0451,customer_0258,delivered,2017-04-28,2017-04-30,2017-05-07,12.775763436167335
order_0452,customer_0261,delivered,2017-02-17,2017-02-18,2017-02-26,13.595074069446426
order_0453,customer_0004,processing,2017-03-30,2017-04-01,2017-04-04,34.036480226363445
order_0454,customer_0260,delivered,2017-08-25,2017-08-26,2017-09-01,23.63834285742233
order_0455,customer_0053,delivered,2017-09-29,2017-10-01,2017-10-03,46.69072266310722
order_0456,customer_0046,delivered,2017-07-08,2017-07-10,2017-07-14,26.26362149437889
order_0457,customer_0214,delivered,2017-07-11,2017-07-13,2017-07-15,15.731258348105644
order_0458,customer_0176,delivered,2017-03-10,2017-03-12,2017-03-17,38.58875334008144
order_0459,customer_0008,delivered,2017-10-05,2017-10-07,2017-10-12,21.734136857640394
order_0460,customer_0098,delivered,2017-12-15,2017-12-16,2017-12-23,31.018812294235726
order_0461,customer_0019,delivered,2017-09-04,2017-09-06,2017-09-12,37.9133114202068
order_0462,customer_0240,delivered,2017-03-17,2017-03-18,2017-03-21,46.01056444808282
order_0463,customer_0060,delivered,2017-06-03,2017-06-04,2017-06-09,41.68764779206704
order_0464,customer_0177,delivered,2017-05-24,2017-05-25,2017-05-28,37.054442714908966
order_0465,customer_0061,delivered,2017-03-27,2017-03-28,2017-04-03,37.18532729580574
order_0466,customer_0144,delivered,2017-07-04,2017-07-05,2017-07-11,47.83698576128346
order_0467,customer_0215,delivered,2017-10-12,2017-10-14,2017-10-17,21.83296389986144
order_0468,customer_0002,delivered,2017-08-08,2017-08-10,2017-08-16,10.044483767847495
order_0469,customer_0159,delivered,2017-03-10,2017-03-12,2017-03-15,20.87818237592795
order_0470,customer_0226,delivered,2017-02-16,2017-02-18,2017-02-19,18.71565518506976
order_0471,customer_0268,delivered,2017-04-04,2017-04-05,2017-04-11,36.473383404559925
order_0472,customer_0119,delivered,2017-08-26,2017-08-28,2017-08-31,35.34846399062116
order_0473,customer_0088,shipped,2017-07-23,2017-07-25,2017-07-27,33.73845530818895
order_0474,customer_0067,delivered,2017-08-06,2017-08-07,2017-08-14,10.649737728378149
order_0475,customer_0097,delivered,2017-12-07,2017-12-08,2017-12-15,39.1511221780259
order_0476,customer_0266,delivered,2017-02-08,2017-02-10,2017-02-14,22.94121649941966
order_0477,customer_0104,delivered,2017-04-10,2017-04-12,2017-04-14,36.60223956026525
order_0478,customer_0122,delivered,2017-10-16,2017-10-17,2017-10-22,32.26313714008613
order_0479,customer_0028,delivered,2017-09-11,2017-09-13,2017-09-16,23.709237017116287
order_0480,customer_0136,delivered,2017-08-10,2017-08-12,2017-08-19,15.38305068416431
order_0481,customer_0194,delivered,2017-12-23,2017-12-25,2017-12-26,13.776755906419238
order_0482,customer_0225,delivered,2017-01-23,2017-01-25,2017-01-27,43.26073332448894
order_0483,customer_0169,delivered,2017-09-07,2017-09-08,2017-09-11,46.73590168326232
order_0484,customer_0008,delivered,2017-01-10,2017-01-11,2017-01-14,35.99152187057199
order_0485,customer_0039,delivered,2017-09-03,2017-09-04,2017-09-09,14.137364594419335
order_0486,customer_0024,delivered,2017-11-21,2017-11-23,2017-11-26,26.081088675529628
order_0487,customer_0260,delivered,2017-04-10,2017-04-12,2017-04-14,39.15756800420629
order_0488,customer_0225,delivered,2017-10-17,2017-10-19,2017-10-26,41.192835360402725
order_0489,customer_0123,delivered,2017-06-29,2017-07-01,2017-07-03,14.728744891643544
order_0490,customer_0037,delivered,2017-08-11,2017-08-13,2017-08-19,10.001228753815298
order_0491,customer_0250,delivered,2017-09-07,2017-09-08,2017-09-10,38.4854818352242
order_0492,customer_0175,delivered,2017-05-27,2017-05-29,2017-06-04,24.263847039448226
order_0493,customer_0089,delivered,2017-04-06,2017-04-08,2017-04-14,20.17925326473041
order_0494,customer_0036,delivered,2017-09-14,2017-09-15,2017-09-17,10.515898791581018
order_0495,customer_0175,delivered,2017-11-21,2017-11-23,2017-11-30,31.611976270459987
order_0496,customer_0283,delivered,2017-01-04,2017-01-05,2017-01-09,44.04602941703927
order_0497,customer_0080,delivered,2017-01-16,2017-01-17,2017-01-24,48.30526585090352
order_0498,customer_0113,processing,2017-10-07,2017-10-08,2017-10-12,32.62979802453157
order_0499,customer_0039,delivered,2017-12-02,2017-12-03,2017-12-10,30.578453109595767
order_0500,customer_0223,delivered,2017-09-04,2017-09-05,2017-09-11,13.402255419569645
order_0501,customer_0114,delivered,2017-09-15,2017-09-17,2017-09-18,31.95491206170399
order_0502,customer_0185,delivered,2017-06-09,2017-06-10,2017-06-17,25.199163158615786
order_0503,customer_0055,shipped,2017-12-06,2017-12-07,2017-12-13,34.285411235343076
order_0504,customer_0039,delivered,2017-06-01,2017-06-03,2017-06-07,25.54905391506187
order_0505,customer_0039,delivered,2017-06-27,2017-06-29,2017-07-04,19.61196493801467
order_0506,customer_0236,delivered,2017-06-12,2017-06-13,2017-06-16,13.79861100913506
order_0507,customer_0288,delivered,2017-02-02,2017-02-04,2017-02-10,22.59673778355583
order_0508,customer_0261,delivered,2017-06-28,2017-06-30,2017-07-05,13.86579337151009
order_0509,customer_0215,delivered,2017-04-11,2017-04-12,2017-04-16,17.07587803295936
order_0510,customer_0146,delivered,2017-09-25,2017-09-26,2017-10-01,49.49344634318184
order_0511,customer_0167,shipped,2017-11-19,2017-11-21,2017-11-28,27.764142276264746
order_0512,customer_0091,delivered,2017-03-06,2017-03-07,2017-03-14,31.274870660200662
order_0513,customer_0058,delivered,2017-06-17,2017-06-18,2017-06-21,44.944741149488614
order_0514,customer_0058,delivered,2017-11-26,2017-11-28,2017-12-05,49.82275601962751
order_0515,customer_0168,delivered,2017-02-12,2017-02-13,2017-02-19,33.308577973787266
order_0516,customer_0268,delivered,2017-02-13,2017-02-14,2017-02-22,42.498952841766865
order_0517,customer_0044,delivered,2017-10-12,2017-10-13,2017-10-21,23.077640973467012
order_0518,customer_0180,delivered,2017-01-12,2017-01-13,2017-01-18,22.229758297891642
order_0519,customer_0169,delivered,2017-04-05,2017-04-06,2017-04-14,26.10814883978241
order_0520,customer_0190,shipped,2017-10-29,2017-10-31,2017-11-07,36.900290506945964
order_0521,customer_0154,delivered,2017-09-10,2017-09-12,2017-09-18,37.28766757020395
order_0522,customer_0187,delivered,2017-08-30,2017-08-31,2017-09-05,22.60957738597803
order_0523,customer_0006,delivered,2017-02-04,2017-02-06,2017-02-08,15.328396965465148
order_0524,customer_0132,delivered,2017-08-03,2017-08-04,2017-08-10,35.29585025862034
order_0525,customer_0234,delivered,2017-12-03,2017-12-04,2017-12-09,15.133034487550582
order_0526,customer_0044,delivered,2017-03-31,2017-04-01,2017-04-06,33.1397003291732
order_0527,customer_0248,shipped,2017-09-21,2017-09-22,2017-09-24,37.73688512225236
order_0528,customer_0030,delivered,2017-04-03,2017-04-04,2017-04-09,38.02445985577806
order_0529,customer_0022,processing,2017-03-31,2017-04-02,2017-04-03,40.13888442638387
order_0530,customer_0159,delivered,2017-04-25,2017-04-27,2017-05-02,44.91437686262658
order_0531,customer_0157,delivered,2017-04-15,2017-04-16,2017-04-24,29.998359678591537
order_0532,customer_0038,delivered,2017-07-15,2017-07-17,2017-07-23,39.20996758118285
order_0533,customer_0081,delivered,2017-11-10,2017-11-11,2017-11-18,34.76690941463347
order_0534,customer_0257,delivered,2017-04-24,2017-04-26,2017-05-01,17.465597591907304
order_0535,customer_0205,delivered,2017-03-16,2017-03-17,2017-03-23,11.027585794776327
order_0536,customer_0076,delivered,2017-08-05,2017-08-07,2017-08-10,21.38165542707735
order_0537,customer_0011,delivered,2017-10-04,2017-10-05,2017-10-13,27.721348253504775
order_0538,customer_0294,delivered,2017-09-06,2017-09-07,2017-09-13,34.68423777714625
order_0539,customer_0223,delivered,2017-06-13,2017-06-15,2017-06-19,43.998373220128215
order_0540,customer_0012,delivered,2017-12-23,2017-12-25,2017-12-31,17.849828668246627
order_0541,customer_0045,delivered,2017-07-11,2017-07-12,2017-07-15,15.021991595939085
order_0542,customer_0154,shipped,2017-08-15,2017-08-17,2017-08-23,48.5391978989731
order_0543,customer_0112,delivered,2017-06-26,2017-06-27,2017-06-29,14.321782375056284
order_0544,customer_0232,processing,2017-04-09,2017-04-11,2017-04-17,29.13964280428757
order_0545,customer_0016,delivered,2017-02-05,2017-02-07,2017-02-10,33.42254915173207
order_0546,customer_0222,delivered,2017-04-06,2017-04-07,2017-04-15,31.65497683629753
order_0547,customer_0187,delivered,2017-06-01,2017-06-03,2017-06-08,13.441286281317728
order_0548,customer_0162,delivered,2017-05-31,2017-06-02,2017-06-09,12.281076560144776
order_0549,customer_0073,delivered,2017-07-09,2017-07-10,2017-07-16,14.219337098441427
order_0550,customer_0232,delivered,2017-08-12,2017-08-14,2017-08-20,33.4235073549045
order_0551,customer_0223,delivered,2017-02-06,2017-02-07,2017-02-10,31.773795505372846
order_0552,customer_0059,delivered,2017-09-25,2017-09-26,2017-09-29,19.34963168146977
order_0553,customer_0221,delivered,2017-07-02,2017-07-03,2017-07-07,35.51096567382366
order_0554,customer_0036,delivered,2017-01-13,2017-01-14,2017-01-16,42.802700082225975
order_0555,customer_0277,delivered,2017-10-06,2017-10-07,2017-10-14,11.66315839386375
order_0556,customer_0195,delivered,2017-08-05,2017-08-07,2017-08-12,29.925197741921696
order_0557,customer_0241,delivered,2017-12-21,2017-12-22,2017-12-29,37.57241648410761
order_0558,customer_0218,delivered,2017-12-27,2017-12-28,2018-01-01,20.092477082787482
order_0559,customer_0191,delivered,2017-10-13,2017-10-15,2017-10-19,22.310836211725963
order_0560,customer_0016,delivered,2017-09-30,2017-10-02,2017-10-06,34.54551611957535
order_0561,customer_0011,delivered,2017-03-03,2017-03-05,2017-03-08,45.917411737749475
order_0562,customer_0192,delivered,2017-03-25,2017-03-26,2017-04-01,42.39697681211597
order_0563,customer_0021,delivered,2017-08-05,2017-08-06,2017-08-14,33.32520876398334
order_0564,customer_0119,delivered,2017-12-08,2017-12-09,2017-12-13,39.20886871028997
order_0565,customer_0209,delivered,2017-07-06,2017-07-08,2017-07-13,24.592898808311947
order_0566,customer_0269,delivered,2017-01-19,2017-01-20,2017-01-23,35.63862112395031
order_0567,customer_0191,delivered,2017-06-26,2017-06-28,2017-07-01,28.647263645102278
order_0568,customer_0174,delivered,2017-04-10,2017-04-11,2017-04-17,17.59744545830244
order_0569,customer_0284,delivered,2017-08-21,2017-08-23,2017-08-26,38.069530955090286
order_0570,customer_0203,delivered,2017-03-17,2017-03-18,2017-03-22,32.25858549395288
order_0571,customer_0163,delivered,2017-09-22,2017-09-23,2017-10-01,24.344863278143656
order_0572,customer_0250,delivered,2017-10-11,2017-10-12,2017-10-20,46.45356760314523
order_0573,customer_0226,delivered,2017-07-25,2017-07-27,2017-08-01,10.83736471306933
order_0574,customer_0006,delivered,2017-08-11,2017-08-13,2017-08-18,22.63092604997984
order_0575,customer_0028,delivered,2017-02-21,2017-02-22,2017-02-24,12.275255911105862
order_0576,customer_0032,delivered,2017-12-05,2017-12-06,2017-12-10,40.661092648865086
order_0577,customer_0133,delivered,2017-05-24,2017-05-25,2017-05-30,38.084298164551704
order_0578,customer_0078,delivered,2017-03-10,2017-03-12,2017-03-15,23.25408874945268
order_0579,customer_0057,delivered,2017-04-09,2017-04-10,2017-04-14,37.02651608828292
order_0580,customer_0025,delivered,2017-01-25,2017-01-26,2017-02-01,25.837489047837995
order_0581,customer_0225,delivered,2017-02-22,2017-02-23,2017-02-27,40.25015165689737
order_0582,customer_0284,delivered,2017-05-31,2017-06-01,2017-06-08,28.167346509468242
order_0583,customer_0003,delivered,2017-05-24,2017-05-26,2017-05-29,26.49118911326662
order_0584,customer_0098,delivered,2017-02-26,2017-02-28,2017-03-06,47.389196619532036
order_0585,customer_0038,processing,2017-02-08,2017-02-09,2017-02-17,20.03516399562801
order_0586,customer_0270,delivered,2017-04-19,2017-04-20,2017-04-25,14.817893599862618
order_0587,customer_0284,delivered,2017-06-30,2017-07-02,2017-07-07,33.38172453037833
order_0588,customer_0156,delivered,2017-02-11,2017-02-13,2017-02-16,48.77287249136715
order_0589,customer_0074,delivered,2017-07-05,2017-07-06,2017-07-13,25.113568549087468
order_0590,customer_0287,delivered,2017-08-11,2017-08-13,2017-08-19,12.48147054515126
order_0591,customer_0129,delivered,2017-05-02,2017-05-04,2017-05-11,23.572210692382697
order_0592,customer_0174,delivered,2017-05-13,2017-05-14,2017-05-21,30.237266172782338
order_0593,customer_0083,delivered,2017-06-12,2017-06-14,2017-06-16,16.47692026528855
order_0594,customer_0021,delivered,2017-08-03,2017-08-05,2017-08-06,36.32408872225968
order_0595,customer_0026,delivered,2017-08-09,2017-08-10,2017-08-15,49.90997556040802
order_0596,customer_0194,delivered,2017-08-23,2017-08-24,2017-09-01,28.069579039257754
order_0597,customer_0235,delivered,2017-11-27,2017-11-29,2017-12-06,24.189142269208507
order_0598,customer_0091,delivered,2017-05-26,2017-05-27,2017-05-31,26.028166673378664
order_0599,customer_0020,delivered,2017-08-27,2017-08-29,2017-08-31,14.605847135808045
order_0600,customer_0083,delivered,2017-03-17,2017-03-18,2017-03-22,45.33094405704895
order_0601,customer_0261,delivered,2017-01-09,2017-01-11,2017-01-14,26.593026220854078
order_0602,customer_0146,delivered,2017-03-15,2017-03-16,2017-03-22,25.490976456993653
order_0603,customer_0256,delivered,2017-09-10,2017-09-12,2017-09-17,36.38761091721897
order_0604,customer_0057,delivered,2017-08-18,2017-08-20,2017-08-25,27.68133683724494
order_0605,customer_0014,shipped,2017-01-07,2017-01-09,2017-01-11,35.92933875231384
order_0606,customer_0161,delivered,2017-06-23,2017-06-24,2017-06-28,12.4578516052315
order_0607,customer_0162,delivered,2017-05-21,2017-05-22,2017-05-24,42.5489337488891
order_0608,customer_0280,delivered,2017-06-17,2017-06-19,2017-06-23,47.6201581151761
order_0609,customer_0279,delivered,2017-06-19,2017-06-21,2017-06-26,35.95061544637544
order_0610,customer_0011,delivered,2017-10-10,2017-10-11,2017-10-17,48.18263715435243
order_0611,customer_0273,shipped,2017-05-02,2017-05-03,2017-05-11,16.05729257479853
order_0612,customer_0270,delivered,2017-07-13,2017-07-14,2017-07-18,29.09664757921415
order_0613,customer_0207,delivered,2017-01-05,2017-01-06,2017-01-10,34.07226935781789
order_0614,customer_0026,delivered,2017-01-29,2017-01-30,2017-02-02,33.269465896847464
order_0615,customer_0071,delivered,2017-06-14,2017-06-15,2017-06-18,26.05847116356173
order_0616,customer_0059,delivered,2017-12-05,2017-12-07,2017-12-12,23.523376374650454
order_0617,customer_0144,delivered,2017-05-16,2017-05-17,2017-05-21,15.072960902016753
order_0618,customer_0092,delivered,2017-12-31,2018-01-02,2018-01-03,25.669698022491126
order_0619,customer_0007,delivered,2017-11-17,2017-11-18,2017-11-23,16.506432604219405
order_0620,customer_0078,processing,2017-12-08,2017-12-09,2017-12-13,39.374627059688734
order_0621,customer_0026,delivered,2017-05-25,2017-05-27,2017-06-03,18.3532374197836
order_0622,customer_0173,delivered,2017-11-23,2017-11-25,2017-11-28,12.342612211381354
order_0623,customer_0049,delivered,2017-08-05,2017-08-06,2017-08-13,32.09464551268937
order_0624,customer_0198,delivered,2017-10-28,2017-10-30,2017-11-01,33.80918930877606
order_0625,customer_0180,shipped,2017-05-12,2017-05-14,2017-05-21,44.87652245122022
order_0626,customer_0023,delivered,2017-10-19,2017-10-21,2017-10-25,33.079264496707275
order_0627,customer_0045,delivered,2017-03-11,2017-03-13,2017-03-18,23.81923414893783
order_0628,customer_0014,delivered,2017-09-09,2017-09-10,2017-09-18,42.12047526105282
order_0629,customer_0152,shipped,2017-10-02,2017-10-04,2017-10-07,31.611155727496843
order_0630,customer_0221,delivered,2017-12-30,2017-12-31,2018-01-06,13.17121138524767
order_0631,customer_0205,delivered,2017-07-01,2017-07-02,2017-07-06,32.634022412529866
order_0632,customer_0272,delivered,2017-06-16,2017-06-17,2017-06-23,46.320741816866494
order_0633,customer_0235,shipped,2017-04-01,2017-04-02,2017-04-07,25.85250501992882
order_0634,customer_0227,delivered,2017-07-21,2017-07-23,2017-07-25,21.853032075992004
order_0635,customer_0008,delivered,2017-12-12,2017-12-14,2017-12-18,15.738778280720801
order_0636,customer_0165,delivered,2017-01-19,2017-01-20,2017-01-27,16.057820877414294
order_0637,customer_0213,delivered,2017-02-08,2017-02-09,2017-02-11,27.310859373672756
order_0638,customer_0116,delivered,2017-05-06,2017-05-07,2017-05-10,33.82719296646118
order_0639,customer_0071,delivered,2017-06-22,2017-06-23,2017-06-28,13.22461620678407
order_0640,customer_0063,delivered,2017-05-21,2017-05-23,2017-05-29,47.58274356100663
order_0641,customer_0204,delivered,2017-08-30,2017-08-31,2017-09-02,40.20534469780784
order_0642,customer_0208,delivered,2017-08-08,2017-08-10,2017-08-16,33.464956731346504
order_0643,customer_0071,delivered,2017-05-06,2017-05-07,2017-05-11,43.13754683755963
order_0644,customer_0276,delivered,2017-02-27,2017-02-28,2017-03-04,13.207470272484532
order_0645,customer_0273,delivered,2017-05-28,2017-05-29,2017-06-04,29.073555109324975
order_0646,customer_0094,delivered,2017-11-13,2017-11-14,2017-11-17,35.20372507446653
order_0647,customer_0165,delivered,2017-12-27,2017-12-29,2018-01-01,43.14611624473157
order_0648,customer_0031,delivered,2017-01-01,2017-01-03,2017-01-10,41.338782401970704
order_0649,customer_0010,delivered,2017-12-14,2017-12-16,2017-12-22,21.082769988535986
order_0650,customer_0216,delivered,2017-07-09,2017-07-10,2017-07-13,47.63520678236817
order_0651,customer_0288,delivered,2017-07-10,2017-07-11,2017-07-19,14.973833657234813
order_0652,customer_0101,shipped,2017-11-08,2017-11-10,2017-11-13,45.005344744846084
order_0653,customer_0266,delivered,2017-04-27,2017-04-29,2017-05-04,48.837609984184745
order_0654,customer_0213,delivered,2017-05-14,2017-05-15,2017-05-20,17.086140928905024
order_0655,customer_0178,delivered,2017-02-27,2017-02-28,2017-03-06,38.88264256815141
order_0656,customer_0087,delivered,2017-02-13,2017-02-15,2017-02-22,11.611420751119939
order_0657,customer_0040,delivered,2017-06-22,2017-06-23,2017-06-25,26.216913005566198
order_0658,customer_0075,delivered,2017-06-09,2017-06-10,2017-06-14,30.651331967906962
order_0659,customer_0045,delivered,2017-06-22,2017-06-24,2017-07-01,33.225809036385364
order_0660,customer_0159,delivered,2017-11-13,2017-11-14,2017-11-16,47.43748992994238
order_0661,customer_0079,delivered,2017-10-30,2017-11-01,2017-11-02,36.89002749176779
order_0662,customer_0085,delivered,2017-05-29,2017-05-30,2017-06-06,29.25111804876948
order_0663,customer_0091,processing,2017-03-21,2017-03-23,2017-03-25,42.38700145063557
order_0664,customer_0147,delivered,2017-08-01,2017-08-02,2017-08-09,48.02131283817636
order_0665,customer_0160,delivered,2017-07-22,2017-07-24,2017-07-27,10.882645947291634
order_0666,customer_0201,delivered,2017-09-09,2017-09-11,2017-09-12,49.30085089024155
order_0667,customer_0241,delivered,2017-08-17,2017-08-19,2017-08-26,13.445285562547213
order_0668,customer_0001,delivered,2017-06-13,2017-06-15,2017-06-19,42.575471170750454
order_0669,customer_0224,delivered,2017-08-15,2017-08-16,2017-08-18,21.2133901020565
order_0670,customer_0288,delivered,2017-05-27,2017-05-28,2017-06-05,15.287186310154869
order_0671,customer_0232,shipped,2017-01-20,2017-01-22,2017-01-26,27.594225588553396
order_0672,customer_0076,delivered,2017-02-16,2017-02-17,2017-02-24,35.75826317790454
order_0673,customer_0115,delivered,2017-08-21,2017-08-22,2017-08-29,25.238073800939
order_0674,customer_0153,delivered,2017-11-01,2017-11-02,2017-11-05,12.182616331307958
order_0675,customer_0102,delivered,2017-01-14,2017-01-15,2017-01-23,33.97844558634866
order_0676,customer_0193,delivered,2017-05-23,2017-05-24,2017-05-26,46.09613104442699
order_0677,customer_0165,delivered,2017-01-01,2017-01-03,2017-01-08,25.32861463789007
order_0678,customer_0089,delivered,2017-02-23,2017-02-25,2017-03-03,18.65331110523308
order_0679,customer_0173,delivered,2017-09-16,2017-09-18,2017-09-24,27.703093837312615
order_0680,customer_0121,delivered,2017-05-24,2017-05-26,2017-05-28,11.934508441951234
order_0681,customer_0142,delivered,2017-01-12,2017-01-13,2017-01-18,42.81950337921099
order_0682,customer_0105,delivered,2017-11-26,2017-11-27,2017-11-30,43.05363243800747
order_0683,customer_0122,delivered,2017-08-12,2017-08-14,2017-08-15,33.52001853718514
order_0684,customer_0008,delivered,2017-09-29,2017-09-30,2017-10-08,24.12411555753558
order_0685,customer_0261,delivered,2017-12-24,2017-12-25,2017-12-29,41.99133457783134
order_0686,customer_0072,delivered,2017-06-05,2017-06-07,2017-06-10,32.187480991534684
order_0687,customer_0222,delivered,2017-01-08,2017-01-09,2017-01-17,43.03729234200065
order_0688,customer_0040,delivered,2017-05-02,2017-05-04,2017-05-08,35.25835170332083
order_0689,customer_0203,delivered,2017-12-14,2017-12-16,2017-12-22,41.37621892851189
order_0690,customer_0263,delivered,2017-06-13,2017-06-14,2017-06-19,33.942519728710394
order_0691,customer_0177,delivered,2017-03-31,2017-04-01,2017-04-08,26.56564272862665
order_0692,customer_0083,delivered,2017-05-16,2017-05-18,2017-05-24,48.3178343970455
order_0693,customer_0110,delivered,2017-07-05,2017-07-07,2017-07-10,31.644552995153788
order_0694,customer_0250,shipped,2017-11-12,2017-11-13,2017-11-18,34.203580741621536
order_0695,customer_0006,delivered,2017-06-27,2017-06-29,2017-07-01,18.819505576589968
order_0696,customer_0083,delivered,2017-01-28,2017-01-30,2017-02-05,35.02603157709106
order_0697,customer_0207,delivered,2017-08-08,2017-08-10,2017-08-15,32.864305979317756
order_0698,customer_0021,delivered,2017-12-23,2017-12-24,2017-12-30,17.393535917880996
order_0699,customer_0002,delivered,2017-02-10,2017-02-12,2017-02-14,12.38348389412575
order_0700,customer_0126,delivered,2017-08-16,2017-08-17,2017-08-23,34.174372788590844
order_0701,customer_0296,delivered,2017-07-11,2017-07-13,2017-07-14,40.54769077401282
order_0702,customer_0187,delivered,2017-05-25,2017-05-26,2017-06-02,30.93605483688033
order_0703,customer_0013,delivered,2017-07-20,2017-07-22,2017-07-24,19.07090501278583
order_0704,customer_0011,delivered,2017-07-31,2017-08-01,2017-08-06,36.660879067721396
order_0705,customer_0086,delivered,2017-08-08,2017-08-09,2017-08-16,13.20422906438409
order_0706,customer_0011,processing,2017-08-28,2017-08-29,2017-09-01,27.673348192078183
order_0707,customer_0024,delivered,2017-02-15,2017-02-17,2017-02-20,16.53467033593681
order_0708,customer_0242,delivered,2017-02-04,2017-02-06,2017-02-10,17.378362042395334
order_0709,customer_0121,delivered,2017-09-10,2017-09-12,2017-09-15,18.091757966328146
order_0710,customer_0146,delivered,2017-03-23,2017-03-24,2017-03-31,25.468282281759116
order_0711,customer_0054,delivered,2017-09-13,2017-09-15,2017-09-19,12.046008224815905
order_0712,customer_0237,delivered,2017-07-16,2017-07-17,2017-07-23,25.911737637163927
order_0713,customer_0172,delivered,2017-10-30,2017-11-01,2017-11-03,30.468297884588033
order_0714,customer_0220,delivered,2017-01-10,2017-01-11,2017-01-18,29.331771398653007
order_0715,customer_0118,delivered,2017-11-08,2017-11-09,2017-11-11,25.311364016121622
order_0716,customer_0182,delivered,2017-10-13,2017-10-14,2017-10-19,43.5658643228301
order_0717,customer_0287,delivered,2017-08-30,2017-09-01,2017-09-05,15.813067696820164
order_0718,customer_0299,delivered,2017-09-08,2017-09-10,2017-09-17,30.227869751254957
order_0719,customer_0081,delivered,2017-12-31,2018-01-02,2018-01-08,12.481656678262173
order_0720,customer_0210,delivered,2017-01-05,2017-01-06,2017-01-13,12.84622715511639
order_0721,customer_0149,delivered,2017-04-29,2017-04-30,2017-05-04,32.95463398708385
order_0722,customer_0036,delivered,2017-10-16,2017-10-18,2017-10-25,32.64073699551284
order_0723,customer_0058,delivered,2017-03-06,2017-03-08,2017-03-13,45.12134051377828
order_0724,customer_0130,shipped,2017-05-26,2017-05-28,2017-05-31,32.314947026402926
order_0725,customer_0201,delivered,2017-08-12,2017-08-13,2017-08-21,48.391640816194005
order_0726,customer_0242,delivered,2017-08-27,2017-08-28,2017-09-01,11.94779393599719
order_0727,customer_0034,delivered,2017-06-26,2017-06-27,2017-07-03,13.920307391229642
order_0728,customer_0092,delivered,2017-09-24,2017-09-25,2017-10-03,11.762634462815257
order_0729,customer_0206,delivered,2017-12-07,2017-12-08,2017-12-16,17.4110740133416
order_0730,customer_0212,delivered,2017-10-09,2017-10-11,2017-10-12,31.650804437667123
order_0731,customer_0158,delivered,2017-03-04,2017-03-05,2017-03-09,35.82288725709712
order_0732,customer_0023,delivered,2017-08-05,2017-08-06,2017-08-10,11.823406317946752
order_0733,customer_0292,delivered,2017-12-08,2017-12-09,2017-12-14,47.83883559382397
order_0734,customer_0003,processing,2017-11-11,2017-11-12,2017-11-18,43.68661506601524
order_0735,customer_0219,delivered,2017-10-10,2017-10-11,2017-10-14,21.864499286283724
order_0736,customer_0019,delivered,2017-06-26,2017-06-28,2017-06-29,13.087501209058718
order_0737,customer_0151,delivered,2017-04-08,2017-04-09,2017-04-17,16.79548292876229
order_0738,customer_0049,delivered,2017-04-15,2017-04-16,2017-04-24,15.077776550198907
order_0739,customer_0176,delivered,2017-04-09,2017-04-10,2017-04-18,14.931351171957875
order_0740,customer_0095,shipped,2017-11-07,2017-11-09,2017-11-10,30.742467546629356
order_0741,customer_0104,delivered,2017-01-06,2017-01-08,2017-01-15,19.833897699736013
order_0742,customer_0249,delivered,2017-07-16,2017-07-18,2017-07-25,24.325588661165778
order_0743,customer_0116,delivered,2017-12-17,2017-12-18,2017-12-24,49.580213335372896
order_0744,customer_0227,delivered,2017-05-13,2017-05-15,2017-05-21,37.372569957013795
order_0745,customer_0065,shipped,2017-12-24,2017-12-25,2018-01-01,47.959226681880054
order_0746,customer_0261,delivered,2017-09-16,2017-09-17,2017-09-22,15.702262201324624
order_0747,customer_0294,delivered,2017-01-23,2017-01-25,2017-01-29,25.28557899330277
order_0748,customer_0242,delivered,2017-02-22,2017-02-23,2017-03-03,32.189272131294175
order_0749,customer_0185,delivered,2017-06-14,2017-06-15,2017-06-21,13.07032247554952
order_0750,customer_0245,delivered,2017-07-21,2017-07-22,2017-07-30,10.167497745118315
order_0751,customer_0124,delivered,2017-03-24,2017-03-26,2017-03-30,36.8173733518767
order_0752,customer_0267,delivered,2017-05-25,2017-05-26,2017-05-28,35.672780672057414
order_0753,customer_0130,delivered,2017-03-26,2017-03-27,2017-03-29,26.43155239998447
order_0754,customer_0236,delivered,2017-03-19,2017-03-21,2017-03-23,29.585763041281304
order_0755,customer_0017,delivered,2017-01-01,2017-01-02,2017-01-09,26.617720023683585
order_0756,customer_0039,delivered,2017-02-20,2017-02-21,2017-02-27,10.960201793795555
order_0757,customer_0020,delivered,2017-06-22,2017-06-24,2017-06-27,23.414864248698496
order_0758,customer_0224,delivered,2017-07-24,2017-07-25,2017-08-01,17.083290215891594
order_0759,customer_0281,delivered,2017-09-17,2017-09-18,2017-09-22,13.93696756405475
order_0760,customer_0007,delivered,2017-10-15,2017-10-16,2017-10-19,48.268817355573994
order_0761,customer_0099,delivered,2017-02-03,2017-02-04,2017-02-07,33.974389001686625
order_0762,customer_0239,delivered,2017-12-14,2017-12-15,2017-12-23,39.14625136946411
order_0763,customer_0086,delivered,2017-04-05,2017-04-07,2017-04-11,22.6145497306447
order_0764,customer_0297,shipped,2017-03-13,2017-03-15,2017-03-17,25.72588517976061
order_0765,customer_0013,delivered,2017-02-08,2017-02-10,2017-02-12,19.47695975586894
order_0766,customer_0001,delivered,2017-06-03,2017-06-05,2017-06-08,13.87862683861699
order_0767,customer_0292,delivered,2017-09-07,2017-09-08,2017-09-13,17.16126549766335
order_0768,customer_0040,delivered,2017-06-11,2017-06-12,2017-06-15,41.90056181185943
order_0769,customer_0110,delivered,2017-04-28,2017-04-29,2017-05-06,37.10183220735104
order_0770,customer_0013,delivered,2017-09-16,2017-09-17,2017-09-20,31.877155039419076
order_0771,customer_0230,shipped,2017-11-02,2017-11-03,2017-11-08,29.00359491467072
order_0772,customer_0083,delivered,2017-09-25,2017-09-27,2017-10-04,46.89737134624498
order_0773,customer_0129,delivered,2017-02-23,2017-02-25,2017-03-02,12.909397911146737
order_0774,customer_0230,delivered,2017-08-24,2017-08-25,2017-08-30,21.224032529516638
order_0775,customer_0144,delivered,2017-08-10,2017-08-11,2017-08-15,23.997514142828564
order_0776,customer_0027,shipped,2017-09-08,2017-09-09,2017-09-15,41.29703248851151
order_0777,customer_0065,delivered,2017-11-09,2017-11-11,2017-11-17,49.70058480647885
order_0778,customer_0162,delivered,2017-04-22,2017-04-23,2017-04-25,19.626820590286123
order_0779,customer_0228,delivered,2017-09-12,2017-09-13,2017-09-18,44.972293365483225
order_0780,customer_0260,delivered,2017-10-30,2017-10-31,2017-11-08,43.22491041727165
order_0781,customer_0163,delivered,2017-07-26,2017-07-28,2017-07-31,18.986295905670666
order_0782,customer_0286,delivered,2017-08-17,2017-08-18,2017-08-25,25.973303207968904
order_0783,customer_0009,delivered,2017-12-07,2017-12-09,2017-12-14,26.386914771700766
order_0784,customer_0194,delivered,2017-03-07,2017-03-09,2017-03-15,49.12882674106233
order_0785,customer_0117,delivered,2017-03-16,2017-03-18,2017-03-22,17.235676055155935
order_0786,customer_0269,delivered,2017-04-13,2017-04-15,2017-04-17,41.96631884419128
order_0787,customer_0079,delivered,2017-07-11,2017-07-13,2017-07-20,23.367708566924396
order_0788,customer_0092,delivered,2017-09-09,2017-09-11,2017-09-15,39.23481383104642
order_0789,customer_0265,delivered,2017-08-14,2017-08-15,2017-08-17,26.800440171826516
order_0790,customer_0256,delivered,2017-10-21,2017-10-22,2017-10-27,33.1343905246616
order_0791,customer_0132,delivered,2017-11-02,2017-11-03,2017-11-09,43.304470933045245
order_0792,customer_0275,delivered,2017-04-08,2017-04-10,2017-04-15,42.166622599355364
order_0793,customer_0263,delivered,2017-12-04,2017-12-05,2017-12-10,44.65692734158801
order_0794,customer_0170,delivered,2017-10-13,2017-10-15,2017-10-20,12.384693013786361
order_0795,customer_0000,delivered,2017-12-01,2017-12-03,2017-12-05,37.682022121589796
order_0796,customer_0063,delivered,2017-12-13,2017-12-15,2017-12-21,15.599495068870514
order_0797,customer_0283,delivered,2017-11-04,2017-11-05,2017-11-10,26.632742720736438
order_0798,customer_0120,delivered,2017-09-06,2017-09-08,2017-09-15,31.94353660218754
order_0799,customer_0106,delivered,2017-06-15,2017-06-17,2017-06-19,26.10957938987323
order_0800,customer_0174,delivered,2017-12-01,2017-12-02,2017-12-09,30.7844670321203
order_0801,customer_0203,delivered,2017-01-30,2017-01-31,2017-02-08,49.861052351944764
order_0802,customer_0164,shipped,2017-09-04,2017-09-06,2017-09-13,15.408692548514189
order_0803,customer_0119,delivered,2017-04-16,2017-04-18,2017-04-25,37.018241813457024
order_0804,customer_0043,delivered,2017-02-20,2017-02-21,2017-02-28,25.840038655424607
order_0805,customer_0155,delivered,2017-03-22,2017-03-23,2017-03-26,15.32039195629315
order_0806,customer_0206,delivered,2017-05-13,2017-05-14,2017-05-22,16.349470534972383
order_0807,customer_0107,delivered,2017-10-12,2017-10-14,2017-10-21,47.97092424982468
order_0808,customer_0250,delivered,2017-05-18,2017-05-19,2017-05-23,45.184059868470484
order_0809,customer_0129,delivered,2017-07-03,2017-07-04,2017-07-09,46.281678416600876
order_0810,customer_0292,delivered,2017-11-26,2017-11-27,2017-12-04,49.66131103309546
order_0811,customer_0019,delivered,2017-09-30,2017-10-02,2017-10-08,18.332615600340716
order_0812,customer_0281,delivered,2017-12-06,2017-12-07,2017-12-13,24.21757349456247
order_0813,customer_0284,delivered,2017-03-10,2017-03-11,2017-03-18,36.76876119699467
order_0814,customer_0000,delivered,2017-02-03,2017-02-04,2017-02-07,29.35210159442589
order_0815,customer_0118,delivered,2017-09-19,2017-09-20,2017-09-27,26.73558133513334
order_0816,customer_0034,delivered,2017-02-22,2017-02-23,2017-02-27,24.31244997342372
order_0817,customer_0197,delivered,2017-07-24,2017-07-26,2017-07-30,33.75122527773809
order_0818,customer_0244,delivered,2017-05-06,2017-05-08,2017-05-12,33.02373714560328
order_0819,customer_0058,delivered,2017-08-23,2017-08-25,2017-08-31,16.458313362569605
order_0820,customer_0160,delivered,2017-02-12,2017-02-13,2017-02-21,28.86959350073756
order_0821,customer_0178,delivered,2017-08-28,2017-08-30,2017-08-31,32.138871048393995
order_0822,customer_0205,delivered,2017-04-21,2017-04-23,2017-04-24,32.81147754925562
order_0823,customer_0011,delivered,2017-09-06,2017-09-08,2017-09-15,18.40428771649407
order_0824,customer_0275,delivered,2017-05-31,2017-06-01,2017-06-09,39.69085569009147
order_0825,customer_0180,delivered,2017-07-02,2017-07-03,2017-07-11,11.007963792842785
order_0826,customer_0241,delivered,2017-12-02,2017-12-04,2017-12-06,24.193274221726504
order_0827,customer_0215,delivered,2017-04-05,2017-04-07,2017-04-08,41.208505941425344
order_0828,customer_0250,processing,2017-01-08,2017-01-09,2017-01-17,32.55571684221609
order_0829,customer_0298,delivered,2017-12-26,2017-12-27,2017-12-30,20.44649730043441
order_0830,customer_0125,delivered,2017-07-03,2017-07-05,2017-07-10,37.79812477372191
order_0831,customer_0216,delivered,2017-10-08,2017-10-09,2017-10-12,32.69563776624294
order_0832,customer_0284,delivered,2017-07-14,2017-07-16,2017-07-17,41.84974437825549
order_0833,customer_0184,delivered,2017-12-18,2017-12-19,2017-12-26,39.40100744759293
order_0834,customer_0038,delivered,2017-07-14,2017-07-16,2017-07-21,34.40431688144939
order_0835,customer_0222,shipped,2017-06-04,2017-06-06,2017-06-07,29.52710701243256
order_0836,customer_0183,delivered,2017-04-03,2017-04-04,2017-04-07,15.327285026700936
order_0837,customer_0177,delivered,2017-06-09,2017-06-11,2017-06-14,20.45332071541535
order_0838,customer_0293,delivered,2017-03-02,2017-03-04,2017-03-08,26.76397891668341
order_0839,customer_0150,delivered,2017-05-02,2017-05-04,2017-05-05,33.97197148025555
order_0840,customer_0125,delivered,2017-02-20,2017-02-21,2017-03-01,30.548314208612194
order_0841,customer_0233,delivered,2017-10-04,2017-10-05,2017-10-08,21.52738103838118
order_0842,customer_0007,delivered,2017-01-05,2017-01-06,2017-01-14,10.258574311588422
order_0843,customer_0128,delivered,2017-04-02,2017-04-04,2017-04-11,29.849568876032556
order_0844,customer_0263,delivered,2017-06-19,2017-06-20,2017-06-28,21.425039542489724
order_0845,customer_0156,shipped,2017-11-13,2017-11-15,2017-11-22,39.384332028421404
order_0846,customer_0004,delivered,2017-01-22,2017-01-24,2017-01-31,10.957850610819339
order_0847,customer_0085,shipped,2017-11-22,2017-11-23,2017-11-29,33.393112452231634
order_0848,customer_0174,delivered,2017-01-01,2017-01-02,2017-01-04,47.65896950024262
order_0849,customer_0289,delivered,2017-05-13,2017-05-15,2017-05-16,16.97637068445998
order_0850,customer_0192,delivered,2017-08-21,2017-08-23,2017-08-27,28.865979630023816
order_0851,customer_0118,delivered,2017-01-12,2017-01-13,2017-01-16,13.656879672685527
order_0852,customer_0217,processing,2017-12-12,2017-12-13,2017-12-17,35.027276490454106
order_0853,customer_0113,delivered,2017-02-15,2017-02-16,2017-02-22,32.02126722384902
order_0854,customer_0144,shipped,2017-02-03,2017-02-05,2017-02-07,26.294620968513293
order_0855,customer_0025,delivered,2017-03-19,2017-03-21,2017-03-26,30.85508085894965
order_0856,customer_0135,delivered,2017-08-06,2017-08-08,2017-08-09,45.86298633876041
order_0857,customer_0231,delivered,2017-10-28,2017-10-30,2017-11-06,17.85177209244268
order_0858,customer_0075,delivered,2017-03-14,2017-03-16,2017-03-20,10.90258046821389
order_0859,customer_0288,delivered,2017-10-09,2017-10-10,2017-10-15,44.46659538796404
order_0860,customer_0000,delivered,2017-09-06,2017-09-07,2017-09-14,33.08468329551626
order_0861,customer_0146,delivered,2017-02-16,2017-02-18,2017-02-21,45.6263382184737
order_0862,customer_0286,delivered,2017-05-01,2017-05-03,2017-05-07,33.877808936526904
order_0863,customer_0141,delivered,2017-08-02,2017-08-03,2017-08-11,42.4064435983881
order_0864,customer_0052,delivered,2017-08-27,2017-08-28,2017-08-30,27.186934534205918
order_0865,customer_0068,delivered,2017-02-25,2017-02-26,2017-03-02,39.99439725153075
order_0866,customer_0089,delivered,2017-12-16,2017-12-17,2017-12-20,46.52165867559424
order_0867,customer_0219,delivered,2017-04-17,2017-04-19,2017-04-26,32.88491854888825
order_0868,customer_0191,delivered,2017-11-15,2017-11-16,2017-11-24,17.231406022495182
order_0869,customer_0062,delivered,2017-02-17,2017-02-19,2017-02-23,20.751904601207926
order_0870,customer_0072,delivered,2017-03-02,2017-03-03,2017-03-07,17.94578307589623
order_0871,customer_0160,shipped,2017-12-03,2017-12-04,2017-12-06,19.87428110382932
order_0872,customer_0168,delivered,2017-01-26,2017-01-27,2017-02-03,22.256617974041454
order_0873,customer_0088,delivered,2017-10-19,2017-10-21,2017-10-26,32.20535147012754
order_0874,customer_0175,delivered,2017-09-14,2017-09-16,2017-09-21,33.51966517855331
order_0875,customer_0268,delivered,2017-01-08,2017-01-09,2017-01-11,27.059989889674444
order_0876,customer_0072,delivered,2017-04-23,2017-04-25,2017-04-26,34.616831192833416
order_0877,customer_0244,delivered,2017-12-21,2017-12-23,2017-12-28,13.262997024454638
order_0878,customer_0076,delivered,2017-09-10,2017-09-11,2017-09-18,13.511529482326399
order_0879,customer_0158,delivered,2017-06-29,2017-06-30,2017-07-04,16.873178414306338
order_0880,customer_0097,processing,2017-07-26,2017-07-28,2017-08-02,30.72309992161379
order_0881,customer_0101,delivered,2017-10-30,2017-11-01,2017-11-02,18.559787147932543
order_0882,customer_0131,delivered,2017-05-07,2017-05-09,2017-05-13,21.331376139703092
order_0883,customer_0101,delivered,2017-02-25,2017-02-26,2017-03-01,26.012513446919762
order_0884,customer_0018,delivered,2017-08-02,2017-08-03,2017-08-10,42.47464496041519
order_0885,customer_0081,delivered,2017-01-14,2017-01-16,2017-01-23,10.554485436514405
order_0886,customer_0278,delivered,2017-01-28,2017-01-29,2017-02-05,35.975152809464895
order_0887,customer_0128,delivered,2017-03-19,2017-03-20,2017-03-25,36.755061241627416
order_0888,customer_0088,delivered,2017-08-04,2017-08-06,2017-08-10,41.94623121426546
order_0889,customer_0212,delivered,2017-12-31,2018-01-02,2018-01-09,47.31011756241253
order_0890,customer_0142,delivered,2017-06-03,2017-06-04,2017-06-06,10.805513957971593
order_0891,customer_0064,shipped,2017-01-14,2017-01-15,2017-01-21,16.151348220528646
order_0892,customer_0075,shipped,2017-07-06,2017-07-08,2017-07-11,45.446851762239724
order_0893,customer_0198,delivered,2017-11-08,2017-11-09,2017-11-16,28.340742487480615
order_0894,customer_0142,delivered,2017-01-07,2017-01-08,2017-01-16,32.583625557338536
order_0895,customer_0092,delivered,2017-01-03,2017-01-05,2017-01-11,36.5210881489259
order_0896,customer_0223,delivered,2017-04-21,2017-04-23,2017-04-27,37.1626641798255
order_0897,customer_0290,delivered,2017-08-26,2017-08-27,2017-09-02,47.26961613266033
order_0898,customer_0101,delivered,2017-12-29,2017-12-30,2018-01-06,49.87797669646679
order_0899,customer_0266,delivered,2017-08-27,2017-08-28,2017-09-01,38.80629843723761
order_0900,customer_0109,delivered,2017-10-01,2017-10-03,2017-10-07,21.488848368206032
order_0901,customer_0264,delivered,2017-10-21,2017-10-22,2017-10-26,45.190096091773746
order_0902,customer_0002,shipped,2017-08-15,2017-08-16,2017-08-22,11.968836581630464
order_0903,customer_0084,delivered,2017-01-15,2017-01-17,2017-01-23,19.24323411497985
order_0904,customer_0281,delivered,2017-07-11,2017-07-13,2017-07-15,45.89542869854859
order_0905,customer_0116,processing,2017-04-29,2017-04-30,2017-05-07,20.247660577574198
order_0906,customer_0220,delivered,2017-01-28,2017-01-30,2017-02-04,18.82604238486994
order_0907,customer_0153,delivered,2017-07-21,2017-07-23,2017-07-29,15.52501172560989
order_0908,customer_0152,delivered,2017-02-08,2017-02-09,2017-02-17,44.36447030587666
order_0909,customer_0011,delivered,2017-09-30,2017-10-02,2017-10-08,30.002330367643467
order_0910,customer_0132,delivered,2017-08-19,2017-08-21,2017-08-22,36.99572812216619
order_0911,customer_0292,delivered,2017-03-27,2017-03-28,2017-04-04,19.562655363001188
order_0912,customer_0299,delivered,2017-05-06,2017-05-08,2017-05-14,40.321616840448655
order_0913,customer_0227,delivered,2017-10-27,2017-10-28,2017-11-01,40.40022179848394
order_0914,customer_0270,delivered,2017-01-25,2017-01-26,2017-01-29,22.503920996332006
order_0915,customer_0042,delivered,2017-05-25,2017-05-27,2017-05-30,26.427305320411314
order_0916,customer_0020,delivered,2017-01-13,2017-01-15,2017-01-18,18.387611097208033
order_0917,customer_0106,delivered,2017-07-31,2017-08-02,2017-08-06,49.062440932916175
order_0918,customer_0116,processing,2017-01-25,2017-01-26,2017-01-28,35.824103082336464
order_0919,customer_0123,delivered,2017-03-09,2017-03-11,2017-03-14,47.38175522862062
order_0920,customer_0280,delivered,2017-03-08,2017-03-09,2017-03-17,22.135421745165328
order_0921,customer_0291,delivered,2017-08-21,2017-08-23,2017-08-28,41.27563651987559
order_0922,customer_0202,delivered,2017-04-19,2017-04-21,2017-04-28,40.63434575538968
order_0923,customer_0050,shipped,2017-05-26,2017-05-28,2017-06-02,37.666226074661665
order_0924,customer_0270,delivered,2017-04-21,2017-04-22,2017-04-29,48.62555901067202
order_0925,customer_0276,delivered,2017-08-16,2017-08-18,2017-08-22,25.74221344425262
order_0926,customer_0140,delivered,2017-04-21,2017-04-23,2017-04-24,15.228692943590293
order_0927,customer_0274,delivered,2017-02-03,2017-02-04,2017-02-12,36.86835436976243
order_0928,customer_0289,delivered,2017-04-21,2017-04-22,2017-04-24,39.17239201908825
order_0929,customer_0051,delivered,2017-09-21,2017-09-23,2017-09-30,33.00242293835259
order_0930,customer_0026,delivered,2017-08-24,2017-08-26,2017-09-01,18.27271572533585
order_0931,customer_0156,delivered,2017-03-24,2017-03-26,2017-03-31,30.178237666774216
order_0932,customer_0238,delivered,2017-02-11,2017-02-12,2017-02-15,22.487589462765175
order_0933,customer_0155,delivered,2017-04-11,2017-04-12,2017-04-17,27.09866112666756
order_0934,customer_0290,delivered,2017-01-06,2017-01-07,2017-01-15,35.808743033786556
order_0935,customer_0135,shipped,2017-06-29,2017-06-30,2017-07-08,39.80858970763338
order_0936,customer_0143,delivered,2017-10-09,2017-10-11,2017-10-17,19.288987636053726
order_0937,customer_0105,delivered,2017-11-16,2017-11-17,2017-11-22,26.213014425878136
order_0938,customer_0157,delivered,2017-08-14,2017-08-15,2017-08-21,20.766462839665166
order_0939,customer_0145,delivered,2017-11-11,2017-11-12,2017-11-18,17.945264554474765
order_0940,customer_0001,delivered,2017-12-31,2018-01-02,2018-01-09,41.335488799833534
order_0941,customer_0076,delivered,2017-08-17,2017-08-19,2017-08-21,46.370107777479696
order_0942,customer_0131,delivered,2017-10-16,2017-10-17,2017-10-20,24.80928742738307
order_0943,customer_0089,delivered,2017-05-30,2017-05-31,2017-06-02,40.05115697495067
order_0944,customer_0262,delivered,2017-10-04,2017-10-06,2017-10-10,45.87981157457644
order_0945,customer_0107,delivered,2017-07-17,2017-07-19,2017-07-23,43.84496842120926
order_0946,customer_0073,delivered,2017-03-11,2017-03-13,2017-03-18,17.312535541569037
order_0947,customer_0038,shipped,2017-04-22,2017-04-24,2017-04-25,48.251675260534455
order_0948,customer_0158,delivered,2017-01-04,2017-01-06,2017-01-12,25.0670576171785
order_0949,customer_0070,processing,2017-12-16,2017-12-18,2017-12-22,23.569626446953453
order_0950,customer_0240,delivered,2017-11-27,2017-11-29,2017-11-30,12.497253091111213
order_0951,customer_0297,delivered,2017-11-14,2017-11-16,2017-11-17,29.44694616419532
order_0952,customer_0035,delivered,2017-12-16,2017-12-17,2017-12-25,14.360544625637148
order_0953,customer_0083,delivered,2017-04-05,2017-04-06,2017-04-12,19.94159283709704
order_0954,customer_0262,delivered,2017-06-01,2017-06-02,2017-06-04,22.677704870691255
order_0955,customer_0171,delivered,2017-11-07,2017-11-08,2017-11-11,42.353052939667364
order_0956,customer_0172,delivered,2017-05-17,2017-05-18,2017-05-21,45.01954601583586
order_0957,customer_0046,delivered,2017-09-04,2017-09-05,2017-09-09,22.098652698458785
order_0958,customer_0140,delivered,2017-08-31,2017-09-02,2017-09-07,44.347924849782956
order_0959,customer_0117,delivered,2017-01-31,2017-02-02,2017-02-09,44.28923749479164
order_0960,customer_0276,delivered,2017-02-09,2017-02-10,2017-02-17,40.58603801539494
order_0961,customer_0213,delivered,2017-08-17,2017-08-18,2017-08-22,15.867804560607262
order_0962,customer_0219,delivered,2017-02-05,2017-02-07,2017-02-09,37.61291387602916
order_0963,customer_0025,delivered,2017-08-11,2017-08-13,2017-08-20,47.80096258322275
order_0964,customer_0008,delivered,2017-01-06,2017-01-08,2017-01-11,37.30161915068628
order_0965,customer_0270,delivered,2017-11-18,2017-11-19,2017-11-25,23.26467396431336
order_0966,customer_0009,delivered,2017-08-08,2017-08-10,2017-08-17,30.02317269723325
order_0967,customer_0120,delivered,2017-03-16,2017-03-17,2017-03-23,35.829001734042144
order_0968,customer_0124,delivered,2017-01-04,2017-01-05,2017-01-07,30.42281634914014
order_0969,customer_0169,delivered,2017-12-01,2017-12-03,2017-12-07,14.798117669238792
order_0970,customer_0071,delivered,2017-05-14,2017-05-16,2017-05-17,22.482561786080826
order_0971,customer_0151,delivered,2017-04-28,2017-04-29,2017-05-05,42.0958412221453
order_0972,customer_0207,delivered,2017-04-04,2017-04-06,2017-04-13,44.456721843820695
order_0973,customer_0048,shipped,2017-03-03,2017-03-05,2017-03-07,15.49200130862281
order_0974,customer_0153,delivered,2017-07-13,2017-07-14,2017-07-21,48.09547009594898
order_0975,customer_0292,shipped,2017-12-01,2017-12-03,2017-12-05,23.152904713944373
order_0976,customer_0067,delivered,2017-07-22,2017-07-23,2017-07-31,36.4925495492288
order_0977,customer_0049,delivered,2017-01-26,2017-01-27,2017-01-29,40.07300583826725
order_0978,customer_0151,delivered,2017-06-22,2017-06-24,2017-06-30,42.477849385515334
order_0979,customer_0018,delivered,2017-10-27,2017-10-28,2017-11-05,47.82998808903721
order_0980,customer_0099,delivered,2017-05-13,2017-05-14,2017-05-20,22.516781921152905
order_0981,customer_0059,delivered,2017-11-22,2017-11-24,2017-11-26,44.34025818206218
order_0982,customer_0166,delivered,2017-04-28,2017-04-30,2017-05-05,15.26747613744828
order_0983,customer_0201,delivered,2017-11-20,2017-11-22,2017-11-28,38.20163625414371
order_0984,customer_0145,delivered,2017-10-02,2017-10-03,2017-10-10,39.679109180559436
order_0985,customer_0163,delivered,2017-07-31,2017-08-01,2017-08-04,37.10892964805282
order_0986,customer_0241,delivered,2017-08-13,2017-08-15,2017-08-20,20.09258944540612
order_0987,customer_0068,delivered,2017-01-20,2017-01-21,2017-01-25,44.921725880608136
order_0988,customer_0174,delivered,2017-04-23,2017-04-25,2017-04-30,16.7543385348158
order_0989,customer_0048,shipped,2017-05-20,2017-05-22,2017-05-28,12.145391660833234
order_0990,customer_0107,delivered,2017-02-16,2017-02-17,2017-02-23,38.698599624476486
order_0991,customer_0225,shipped,2017-01-01,2017-01-03,2017-01-10,29.01902860930935
order_0992,customer_0160,delivered,2017-03-31,2017-04-01,2017-04-03,43.96392079834704
order_0993,customer_0118,delivered,2017-05-22,2017-05-23,2017-05-27,25.335885642330357
order_0994,customer_0148,delivered,2017-11-16,2017-11-18,2017-11-22,16.731143540308512
order_0995,customer_0149,delivered,2017-02-07,2017-02-08,2017-02-16,43.457687698794786
order_0996,customer_0292,processing,2017-10-20,2017-10-22,2017-10-23,31.95638526560287
order_0997,customer_0142,delivered,2017-05-19,2017-05-20,2017-05-25,17.567831695614196
order_0998,customer_0159,delivered,2017-12-22,2017-12-23,2017-12-26,38.81535994345783
order_0999,customer_0010,delivered,2017-11-29,2017-11-30,2017-12-05,30.44454553958002
